ID_Uzorka;Dubina_Busenja_cm;Temp_Tla_C;pH_Vrijednost;H2O_Postotak;Metan_Senzor;Organske_Molekule
1;13,8;-18,9;6,91;9,131932953487157;Pozitivno;Da
2;7,5;-33,6;7,15;1,99;Negativno;Ne
3;7,6;-66,3;6,92;5,57;Negativno;Ne
4;14,8;-39,1;7,07;5,58;Pozitivno;Ne
5;8,4;-41,2;6,42;5,47;Pozitivno;Ne
6;3,6;-45,6;7,34;4,95;Negativno;Ne
7;8,9;-58,9;6,38;1,85;Pozitivno;Ne
8;0,6;-66,0;6,99;1,41;Negativno;Ne
9;6,5;-33,9;7,85;5,33;Negativno;Ne
10;10,6;-36,7;7,41;4,83;Negativno;Ne
11;0,4;-62,0;7,78;3,44;Negativno;Ne
12;0,8;-31,6;6,38;5,22;Negativno;Da
13;11,3;-15,9;7,35;7,350217924749076;Pozitivno;Da
14;0,6;-22,3;7,13;3,46;Negativno;Ne
15;0,3;-46,0;7,36;1,35;Pozitivno;Ne
16;9,8;-46,0;7,09;0,22;Negativno;Ne
17;6,7;-60,3;6,72;4,39;Negativno;Ne
18;12,2;-42,4;7,03;5,78;Negativno;Ne
19;3,0;-44,2;6,91;3,87;Negativno;Ne
20;9,6;-43,8;7,15;2,99;Negativno;Ne
21;9,2;-51,1;5,97;0,39;Negativno;Ne
22;10,4;-32,0;6,55;2,38;Negativno;Ne
23;1,6;-52,1;6,63;2,55;Negativno;Ne
24;1,7;-59,1;7,0;5,59;Negativno;Ne
25;1,3;-66,5;7,11;0,56;Negativno;Ne
26;13,3;-36,5;7,33;2,68;Negativno;Ne
27;4,7;-40,8;7,27;4,22;Negativno;Ne
28;11,4;-69,3;6,79;3,38;Negativno;Ne
29;10,1;-36,9;6,77;4,66;Pozitivno;Ne
30;14,8;-31,9;7,15;0,98;Negativno;Ne
31;5,8;-68,1;6,6;5,08;Negativno;Da
32;13,1;-46,0;6,69;5,52;Negativno;Ne
33;8,7;-35,6;6,71;5,75;Negativno;Ne
34;2,9;-32,4;8,28;2,47;Negativno;Ne
35;9,9;-60,4;6,72;4,93;Pozitivno;Ne
36;7,6;-75,1;6,5;5,14;Negativno;Ne
37;3,1;-73,0;6,73;5,58;Negativno;Ne
38;9,0;-46,5;6,57;3,42;Negativno;Ne
39;8,1;-54,7;6,4;1,56;Pozitivno;Ne
40;8,1;-44,7;7,26;0,85;Negativno;Ne
41;4,6;-55,1;6,68;2,28;Negativno;Ne
42;4,9;-55,9;7,02;0,54;Negativno;Ne
43;1,3;-19,1;7,08;6,379367678412054;Pozitivno;Da
44;11,8;-19,5;7,0;9,259367678412055;Pozitivno;Da
45;9,3;-45,5;7,49;2,33;Negativno;Ne
46;13,0;-58,0;7,58;1,0;Negativno;Ne
47;14,9;-43,9;7,02;6,0;Negativno;Da
48;2,8;-41,9;7,32;4,13;Negativno;Ne
49;0,9;-60,0;6,24;5,43;Negativno;Ne
50;10,9;-59,4;8,69;1,91;Negativno;Ne
51;9,7;-14,8;6,84;9,751932953487156;Pozitivno;Da
52;1,3;-50,6;7,32;0,71;Negativno;Ne
53;0,8;-52,4;7,22;2,58;Negativno;Ne
54;3,7;-71,4;7,91;1,93;Negativno;Ne
55;12,3;-43,4;7,22;1,31;Negativno;Ne
56;9,2;-62,9;6,37;0,78;Negativno;Ne
57;8,1;-53,9;7,54;3,01;Negativno;Ne
58;2,4;-33,9;6,55;5,39;Negativno;Ne
59;6,1;-34,7;7,09;1,99;Negativno;Ne
60;13,5;-51,8;7,04;4,32;Negativno;Ne
61;1,9;-30,3;7,31;3,09;Negativno;Da
62;1,8;-38,8;7,22;2,67;Negativno;Ne
63;1,2;-58,2;6,5;5,19;Negativno;Ne
64;13,2;-68,1;6,74;5,78;Negativno;Ne
65;14,3;-14,3;7,16;6,409367678412054;Pozitivno;Da
66;9,5;-45,7;7,21;2,71;Negativno;Ne
67;3,5;-53,0;7,95;4,96;Negativno;Ne
68;9,7;-33,3;7,64;5,42;Negativno;Ne
69;2,1;-55,9;6,69;5,66;Negativno;Ne
70;6,9;-59,8;7,59;3,13;Negativno;Ne
71;9,8;-38,1;7,74;5,72;Negativno;Ne
72;7,4;-26,8;6,99;5,43;Negativno;Ne
73;2,0;-61,3;6,87;4,99;Negativno;Ne
74;4,1;-36,2;7,57;5,81;Negativno;Ne
75;13,2;-51,7;7,49;3,32;Negativno;Ne
76;13,7;-46,4;7,06;2,76;Negativno;Da
77;3,0;-36,4;6,73;1,23;Negativno;Da
78;4,4;-74,2;6,36;0,8;Negativno;Ne
79;6,0;-40,5;6,77;3,31;Pozitivno;Ne
80;14,8;-58,9;6,11;1,33;Negativno;Ne
81;14,9;-62,2;6,67;2,15;Pozitivno;Ne
82;6,3;-65,9;7,19;4,49;Negativno;Ne
83;1,5;-70,5;6,38;0,29;Negativno;Ne
84;6,2;-70,4;5,56;0,11;Negativno;Ne
85;14,8;-38,4;7,24;1,33;Negativno;Ne
86;5,1;-63,6;6,31;1,04;Negativno;Ne
87;5,7;-44,1;7,22;5,12;Negativno;Ne
88;1,7;-65,9;7,43;2,78;Negativno;Ne
89;4,8;-41,1;7,52;4,68;Pozitivno;Ne
90;8,4;-49,3;6,45;4,77;Pozitivno;Ne
91;1,0;-16,8;6,96;4,68;Negativno;Ne
92;5,1;-15,6;5,94;3,53;Negativno;Ne
93;7,8;-34,3;7,12;2,83;Negativno;Ne
94;2,0;-74,5;6,37;3,97;Negativno;Ne
95;7,7;-51,6;7,63;5,58;Negativno;Ne
96;14,6;-51,6;6,86;5,97;Negativno;Ne
97;14,4;-29,9;7,0;1,73;Negativno;Ne
98;12,7;-52,5;7,7;2,62;Negativno;Ne
99;14,7;-37,5;6,42;4,46;Negativno;Ne
100;9,6;-37,1;7,07;4,78;Pozitivno;Ne
101;11,7;-35,9;6,24;2,78;Pozitivno;Ne
102;7,4;-39,3;6,79;3,1;Negativno;Ne
103;8,3;-39,1;6,29;3,42;Negativno;Ne
104;12,8;-50,6;6,52;4,16;Negativno;Ne
105;10,0;-48,6;6,81;1,09;Negativno;Ne
106;6,7;-55,8;6,33;2,72;Negativno;Ne
107;2,3;-59,0;7,43;2,96;Negativno;Ne
108;0,9;-54,6;7,12;4,6;Negativno;Ne
109;13,5;-30,3;6,66;4,27;Pozitivno;Ne
110;5,1;-70,3;6,3;4,53;Negativno;Ne
111;14,2;-74,1;7,11;3,74;Negativno;Ne
112;3,8;-32,7;6,46;5,98;Negativno;Ne
113;7,6;-39,4;7,04;4,42;Negativno;Ne
114;11,0;-49,3;6,93;2,3;Negativno;Ne
115;0,8;-52,6;6,63;2,19;Negativno;Ne
116;0,8;-37,4;6,35;1,57;Negativno;Ne
117;13,7;-39,0;7,77;1,42;Pozitivno;Ne
118;6,7;-40,9;6,6;2,6;Negativno;Ne
119;5,6;-45,1;7,54;0,56;Negativno;Ne
120;10,5;-42,0;7,51;5,68;Negativno;Ne
121;8,3;-39,9;6,45;3,93;Negativno;Ne
122;6,0;-80,8;6,28;5,23;Negativno;Ne
123;0,8;-60,2;7,88;4,4;Negativno;Ne
124;6,9;-46,0;6,42;1,0;Negativno;Ne
125;5,3;-45,9;6,85;1,38;Negativno;Ne
126;14,9;-75,7;7,28;4,65;Negativno;Ne
127;14,8;-59,3;6,16;4,64;Negativno;Ne
128;3,5;-46,9;6,54;0,38;Negativno;Ne
129;10,4;-37,9;7,42;4,83;Negativno;Ne
130;12,3;-30,0;7,56;3,12;Negativno;Ne
131;15,0;-63,8;7,31;3,79;Negativno;Ne
132;8,0;-60,8;7,9;4,24;Negativno;Ne
133;4,6;-49,5;7,33;1,03;Negativno;Ne
134;8,1;-44,7;6,57;5,94;Pozitivno;Ne
135;11,7;-20,9;7,22;1,66;Negativno;Ne
136;2,7;-67,4;7,21;3,25;Negativno;Ne
137;13,8;-57,3;6,95;2,18;Negativno;Ne
138;4,0;-20,3;7,19;5,67;Negativno;Ne
139;14,3;-60,1;7,27;3,59;Negativno;Ne
140;2,0;-48,9;6,99;0,28;Negativno;Ne
141;1,6;-48,8;6,78;2,95;Negativno;Ne
142;10,8;-41,9;6,79;1,81;Negativno;Da
143;7,7;-43,2;7,45;0,78;Pozitivno;Ne
144;10,5;-51,5;7,4;2,69;Negativno;Ne
145;12,6;-81,3;6,58;4,58;Negativno;Ne
146;0,2;-45,7;6,49;2,8;Negativno;Ne
147;8,3;-53,3;7,05;2,3;Negativno;Ne
148;10,7;-7,7;7,44;6,290217924749077;Pozitivno;Da
149;7,2;-48,8;7,55;3,25;Negativno;Ne
150;5,3;-63,1;7,17;4,52;Negativno;Ne
151;4,1;-56,6;7,34;1,11;Negativno;Ne
152;7,2;-69,4;6,94;5,64;Negativno;Ne
153;5,1;-18,3;7,15;9,400217924749077;Pozitivno;Da
154;0,8;-69,5;7,78;0,5;Negativno;Ne
155;14,7;-85,8;7,14;4,83;Negativno;Ne
156;12,9;-21,5;7,69;2,0;Negativno;Ne
157;11,7;-29,2;5,76;1,32;Negativno;Ne
158;7,6;-40,5;7,17;4,32;Negativno;Ne
159;9,2;-23,6;7,28;4,14;Negativno;Ne
160;8,7;-47,6;6,8;2,96;Negativno;Ne
161;13,4;-49,3;7,64;3,65;Negativno;Ne
162;8,8;-57,0;7,28;1,41;Negativno;Ne
163;13,0;-38,9;7,38;4,25;Negativno;Ne
164;4,4;-56,3;7,37;1,84;Negativno;Ne
165;13,9;-48,0;7,51;5,92;Negativno;Ne
166;12,7;-55,1;6,79;0,14;Negativno;Ne
167;11,1;-61,0;6,62;3,84;Pozitivno;Ne
168;14,0;-85,3;7,18;0,25;Negativno;Ne
169;0,2;-42,7;7,27;5,6;Negativno;Ne
170;13,3;-54,8;6,96;5,14;Negativno;Ne
171;2,6;-53,2;7,23;4,54;Negativno;Ne
172;14,5;-61,7;6,73;4,91;Negativno;Da
173;0,7;-69,1;8,09;0,54;Negativno;Ne
174;10,3;-60,8;6,56;3,61;Negativno;Ne
175;7,0;-36,6;7,22;3,27;Negativno;Ne
176;10,4;-69,4;7,06;1,55;Negativno;Ne
177;0,2;-55,8;6,48;0,38;Negativno;Ne
178;1,0;-51,3;7,01;5,23;Pozitivno;Ne
179;3,3;-26,8;7,71;4,56;Negativno;Ne
180;7,2;-25,7;6,07;0,62;Negativno;Ne
181;6,2;-68,2;6,19;5,61;Negativno;Ne
182;11,0;-60,3;6,8;1,58;Negativno;Ne
183;0,4;-34,3;7,79;2,19;Negativno;Ne
184;3,0;-62,6;6,26;3,75;Negativno;Ne
185;11,4;-27,6;6,16;4,48;Negativno;Ne
186;5,0;-8,2;7,09;6,150217924749077;Pozitivno;Da
187;1,1;-31,5;7,02;1,08;Negativno;Da
188;12,6;-36,1;7,34;5,44;Negativno;Da
189;1,3;-64,9;6,56;5,51;Negativno;Ne
190;8,8;-47,3;7,45;2,88;Negativno;Ne
191;1,1;-25,4;7,68;2,81;Negativno;Ne
192;2,0;-64,5;7,2;2,92;Negativno;Ne
193;0,4;-59,7;7,38;4,66;Negativno;Ne
194;10,1;-61,0;7,96;0,59;Negativno;Ne
195;13,3;-41,8;6,93;4,06;Negativno;Ne
196;12,2;-51,1;7,47;3,77;Negativno;Ne
197;4,9;-46,2;6,54;0,22;Negativno;Ne
198;3,5;-39,5;7,16;5,44;Negativno;Ne
199;8,2;-52,4;6,85;2,21;Negativno;Ne
200;14,9;-31,6;6,99;2,82;Negativno;Ne
201;5,4;-81,9;7,08;1,45;Negativno;Ne
202;4,6;-91,6;7,83;1,14;Negativno;Ne
203;11,2;-63,1;6,67;5,49;Negativno;Ne
204;7,6;-56,3;7,38;1,9;Pozitivno;Ne
205;2,9;-45,8;6,87;2,86;Pozitivno;Ne
206;12,1;-53,0;6,44;0,49;Negativno;Ne
207;10,2;-13,1;7,01;4,27;Negativno;Ne
208;3,8;-52,4;7,85;2,14;Negativno;Da
209;8,5;-39,9;7,1;5,33;Pozitivno;Da
210;8,1;-54,4;7,49;2,27;Negativno;Ne
211;12,8;-52,5;6,18;2,77;Negativno;Ne
212;6,2;-45,1;7,34;4,58;Negativno;Ne
213;3,8;-6,3;5,75;6,330217924749077;Pozitivno;Da
214;7,6;-40,7;6,67;0,32;Negativno;Ne
215;9,3;-58,2;7,76;2,38;Negativno;Ne
216;14,0;-55,7;7,04;4,12;Negativno;Da
217;14,4;-38,8;7,73;3,79;Negativno;Ne
218;11,5;-55,9;7,13;4,43;Pozitivno;Ne
219;13,8;-58,2;7,26;1,86;Negativno;Da
220;13,0;-57,1;7,04;3,16;Negativno;Da
221;3,5;-39,3;7,57;4,36;Negativno;Ne
222;7,5;-6,9;7,09;6,901932953487156;Pozitivno;Da
223;1,7;-52,4;7,43;2,65;Negativno;Ne
224;6,4;-48,9;7,08;0,45;Negativno;Ne
225;9,3;-42,5;6,5;4,79;Negativno;Ne
226;7,8;-36,1;7,04;2,67;Negativno;Ne
227;9,5;150,0;-2,0;1,44;Pozitivno;Ne
228;10,0;-43,1;6,6;3,8;Negativno;Ne
229;11,5;-79,3;6,82;1,33;Negativno;Ne
230;0,8;-62,7;6,85;0,63;Negativno;Ne
231;9,8;-53,3;7,32;2,79;Negativno;Ne
232;13,4;-11,2;7,35;5,949367678412054;Pozitivno;Da
233;5,1;-34,3;7,42;3,31;Negativno;Ne
234;2,7;-25,3;6,89;4,46;Negativno;Ne
235;7,9;-21,8;7,07;4,51;Pozitivno;Ne
236;13,2;-69,4;7,7;1,31;Negativno;Ne
237;10,6;-42,0;7,6;0,49;Negativno;Ne
238;2,0;-50,6;6,8;4,99;Pozitivno;Ne
239;10,7;-40,1;7,41;4,28;Negativno;Ne
240;4,2;-18,2;7,12;3,45;Negativno;Ne
241;10,7;-60,3;6,34;5,23;Negativno;Ne
242;11,0;-50,3;6,95;4,21;Negativno;Ne
243;2,0;-44,8;6,67;2,55;Negativno;Ne
244;3,1;-33,8;7,41;1,08;Negativno;Ne
245;12,4;-37,4;6,86;1,37;Negativno;Ne
246;7,4;-52,1;7,13;0,86;Negativno;Ne
247;6,6;-66,6;7,37;4,95;Negativno;Ne
248;3,9;-58,3;6,75;5,33;Negativno;Ne
249;10,2;-60,7;6,71;3,24;Negativno;Ne
250;13,2;-30,5;7,37;0,59;Negativno;Ne
251;6,1;-43,6;6,85;5,26;Pozitivno;Ne
252;0,6;-46,3;7,5;2,68;Negativno;Da
253;4,6;-40,5;7,63;4,87;Negativno;Ne
254;2,2;-53,5;7,3;3,28;Negativno;Ne
255;7,9;-48,6;7,69;0,46;Pozitivno;Ne
256;5,5;-68,8;7,43;5,93;Negativno;Ne
257;1,7;-38,6;7,13;5,67;Negativno;Ne
258;9,5;-43,3;7,91;1,07;Pozitivno;Ne
259;12,2;-57,1;7,66;3,83;Pozitivno;Ne
260;9,4;-18,9;7,33;1,02;Negativno;Ne
261;14,7;-63,7;6,83;2,26;Negativno;Ne
262;13,5;-65,8;6,41;2,54;Negativno;Ne
263;7,2;-36,4;7,84;4,96;Negativno;Ne
264;7,4;-38,3;6,68;2,9;Negativno;Ne
265;14,8;-24,0;8,37;4,31;Pozitivno;Ne
266;11,7;-57,8;6,74;1,39;Negativno;Ne
267;5,3;150,0;-2,0;5,64;Pozitivno;Ne
268;12,8;-39,1;6,08;0,44;Negativno;Ne
269;4,9;-42,0;7,84;1,47;Negativno;Ne
270;9,0;-33,6;7,23;3,53;Pozitivno;Ne
271;12,2;-64,8;7,14;3,33;Negativno;Ne
272;7,1;-89,5;6,67;1,1;Negativno;Ne
273;9,9;-54,8;7,0;5,95;Negativno;Ne
274;3,3;-54,4;6,52;0,4;Negativno;Ne
275;3,8;-50,1;7,75;5,87;Negativno;Ne
276;9,4;-27,4;6,55;1,72;Negativno;Ne
277;1,2;-35,6;6,39;2,95;Negativno;Ne
278;7,1;-59,4;8,78;3,38;Negativno;Da
279;8,1;-44,4;7,84;5,28;Negativno;Ne
280;14,9;-51,9;6,55;1,48;Negativno;Ne
281;7,7;-62,5;7,62;3,15;Negativno;Da
282;3,4;-55,1;6,72;4,96;Pozitivno;Ne
283;14,9;-27,1;6,75;4,36;Negativno;Ne
284;5,0;-29,4;7,26;2,04;Negativno;Ne
285;6,2;-53,7;6,53;1,67;Negativno;Ne
286;2,3;-64,7;7,39;1,76;Negativno;Ne
287;5,8;-45,2;7,83;0,53;Negativno;Ne
288;5,2;-11,0;7,08;4,740217924749077;Pozitivno;Da
289;4,0;-14,6;6,0;0,92;Negativno;Ne
290;3,9;-52,0;7,17;1,14;Negativno;Ne
291;4,0;-61,5;6,44;5,69;Negativno;Ne
292;13,6;-57,3;6,9;2,45;Negativno;Ne
293;1,3;-36,1;7,35;0,3;Negativno;Ne
294;7,3;-23,7;7,04;0,38;Negativno;Ne
295;6,2;-49,0;6,84;3,19;Negativno;Ne
296;6,8;-55,5;7,23;3,44;Pozitivno;Ne
297;11,7;-6,4;7,67;5,789367678412054;Pozitivno;Da
298;1,8;-62,7;7,44;3,59;Negativno;Ne
299;4,0;-44,5;6,78;2,73;Negativno;Ne
300;7,2;-18,6;7,55;1,79;Negativno;Ne
301;6,3;-58,2;7,67;0,32;Pozitivno;Ne
302;5,3;-7,1;6,96;5,861932953487157;Pozitivno;Da
303;11,7;-58,5;6,29;0,68;Negativno;Ne
304;11,3;-58,4;6,46;1,95;Negativno;Da
305;14,2;-9,8;7,11;7,761932953487157;Pozitivno;Da
306;6,3;-44,3;7,11;3,14;Negativno;Ne
307;10,5;-49,0;6,86;2,77;Negativno;Ne
308;6,1;-45,1;7,09;2,56;Negativno;Ne
309;1,5;-37,0;7,59;5,05;Negativno;Ne
310;7,1;-44,9;7,41;0,57;Pozitivno;Ne
311;5,1;-57,0;7,02;0,39;Pozitivno;Ne
312;14,2;-57,3;6,86;1,84;Pozitivno;Ne
313;10,2;-54,0;7,01;5,2;Pozitivno;Ne
314;12,7;-47,6;7,34;1,35;Negativno;Ne
315;12,1;-61,5;6,48;0,57;Pozitivno;Ne
316;14,1;-67,0;6,93;4,11;Negativno;Da
317;13,8;-32,5;6,93;4,27;Negativno;Ne
318;12,0;-57,0;6,56;2,32;Negativno;Ne
319;6,5;-48,6;7,57;4,75;Negativno;Ne
320;3,9;-47,0;7,27;5,95;Negativno;Ne
321;6,8;-59,3;7,26;1,82;Pozitivno;Ne
322;10,0;-57,8;6,98;5,88;Negativno;Ne
323;2,3;-50,7;7,33;4,97;Negativno;Ne
324;12,4;-48,2;7,21;3,84;Negativno;Ne
325;12,3;-21,0;6,99;5,12;Negativno;Ne
326;9,5;-87,1;6,78;5,03;Negativno;Ne
327;10,4;-61,3;6,5;5,77;Negativno;Ne
328;3,7;-35,8;7,16;3,54;Negativno;Ne
329;6,4;-59,9;7,64;5,21;Negativno;Ne
330;7,7;-5,3;6,92;7,000217924749077;Pozitivno;Da
331;4,3;-52,4;6,87;3,8;Negativno;Ne
332;10,9;-17,0;6,11;4,639367678412054;Pozitivno;Da
333;2,4;-58,4;7,1;5,0;Negativno;Ne
334;11,8;-56,4;6,39;5,35;Negativno;Ne
335;2,9;-67,7;6,87;0,96;Pozitivno;Ne
336;12,8;-17,9;6,77;4,71;Negativno;Da
337;4,3;-45,8;6,5;2,11;Negativno;Da
338;11,5;-62,3;7,98;1,86;Negativno;Ne
339;0,9;-35,6;7,61;4,09;Negativno;Ne
340;8,5;-69,6;7,56;2,23;Negativno;Ne
341;3,4;-35,6;7,03;0,51;Negativno;Ne
342;10,3;-16,1;7,41;10,021932953487156;Pozitivno;Da
343;4,3;-72,2;8,24;3,27;Pozitivno;Ne
344;13,0;-49,6;6,72;4,37;Negativno;Ne
345;5,6;-46,3;7,2;3,24;Negativno;Ne
346;2,8;-63,8;6,58;3,64;Negativno;Ne
347;4,9;-45,7;7,76;1,73;Negativno;Ne
348;2,2;-40,8;7,7;2,02;Negativno;Da
349;12,0;-70,7;6,65;5,82;Negativno;Ne
350;12,8;-50,7;6,23;0,82;Negativno;Ne
351;14,0;-74,3;7,72;2,68;Negativno;Ne
352;5,0;-52,1;7,3;2,27;Negativno;Ne
353;13,3;-47,5;6,55;2,72;Negativno;Ne
354;2,0;-62,9;7,61;0,37;Negativno;Ne
355;4,8;-39,8;6,5;5,89;Negativno;Ne
356;7,7;-46,0;7,86;0,47;Negativno;Ne
357;11,9;-61,1;7,07;1,56;Negativno;Ne
358;6,9;-34,5;7,25;0,87;Negativno;Ne
359;3,7;-53,2;6,58;1,92;Negativno;Ne
360;10,2;-42,1;6,23;0,75;Negativno;Ne
361;8,6;-46,9;8,03;2,37;Negativno;Ne
362;11,6;-66,3;6,82;4,15;Negativno;Ne
363;6,5;-73,5;6,67;3,47;Negativno;Ne
364;12,7;-51,2;6,94;4,89;Negativno;Ne
365;5,1;-23,9;6,79;2,34;Negativno;Da
366;4,0;-43,7;6,51;5,8;Negativno;Ne
367;0,8;-50,2;6,59;1,22;Negativno;Ne
368;7,2;-51,2;6,75;2,47;Negativno;Ne
369;2,2;-39,5;6,29;4,32;Negativno;Ne
370;0,5;-66,6;7,77;0,43;Negativno;Ne
371;11,8;-60,5;7,35;2,53;Negativno;Ne
372;11,2;-18,4;7,22;2,83;Negativno;Ne
373;10,7;-28,9;7,78;5,67;Negativno;Ne
374;14,7;-63,1;7,27;3,52;Negativno;Ne
375;4,5;-42,4;6,69;5,49;Negativno;Ne
376;14,4;-52,7;6,96;1,84;Negativno;Ne
377;1,5;-43,8;7,08;3,85;Negativno;Ne
378;6,3;-68,6;7,57;2,49;Negativno;Ne
379;4,0;-25,9;6,97;2,29;Negativno;Ne
380;8,1;-55,1;7,57;1,57;Negativno;Ne
381;8,8;-78,0;7,05;1,51;Negativno;Ne
382;12,3;-36,4;8,02;2,73;Negativno;Ne
383;5,1;-19,9;7,59;2,13;Negativno;Ne
384;1,1;-40,3;6,48;3,88;Negativno;Ne
385;2,3;-52,3;6,3;4,19;Negativno;Da
386;7,0;-79,0;7,07;4,62;Negativno;Ne
387;10,8;-47,9;6,43;3,36;Negativno;Ne
388;8,9;-36,7;8,04;3,43;Negativno;Ne
389;4,4;-38,3;7,35;6,0;Negativno;Ne
390;6,7;-48,6;6,93;4,73;Negativno;Ne
391;3,7;-41,4;7,5;4,33;Pozitivno;Ne
392;2,0;-50,6;6,98;0,9;Negativno;Ne
393;6,7;-26,4;7,74;1,89;Negativno;Ne
394;3,1;-46,3;6,52;3,59;Negativno;Ne
395;6,8;-45,0;7,57;4,66;Negativno;Ne
396;5,9;-27,5;6,58;4,13;Negativno;Ne
397;3,8;-47,2;7,35;0,33;Negativno;Ne
398;11,4;-76,3;7,25;3,38;Negativno;Ne
399;10,1;-38,2;7,94;3,13;Negativno;Ne
400;10,2;-8,9;6,65;7,299367678412054;Pozitivno;Da
401;5,5;-31,0;7,7;5,92;Negativno;Ne
402;6,9;-55,6;6,26;3,1;Negativno;Ne
403;1,3;-48,4;5,76;1,8;Negativno;Ne
404;0,7;-30,9;7,87;0,16;Negativno;Ne
405;5,7;-30,5;6,63;4,81;Negativno;Ne
406;11,6;-66,1;7,32;2,89;Pozitivno;Ne
407;10,2;-62,2;6,73;0,11;Negativno;Ne
408;4,1;-34,3;6,75;1,13;Negativno;Ne
409;8,1;-76,6;7,73;0,64;Negativno;Ne
410;7,7;-35,9;7,82;0,9;Negativno;Ne
411;12,8;-58,2;7,64;3,81;Negativno;Ne
412;10,8;-38,8;7,03;0,94;Pozitivno;Ne
413;1,8;-61,0;6,86;4,19;Negativno;Ne
414;13,0;-29,0;7,37;5,85;Negativno;Ne
415;12,7;-25,0;6,1;2,61;Pozitivno;Ne
416;2,4;-41,9;7,09;4,04;Negativno;Ne
417;13,3;-31,1;6,76;3,35;Negativno;Ne
418;14,1;-52,8;6,77;2,61;Pozitivno;Da
419;7,5;-45,3;7,05;1,51;Negativno;Ne
420;14,9;-43,3;6,37;3,9;Negativno;Ne
421;1,8;-52,7;7,4;1,2;Negativno;Ne
422;5,8;-66,1;6,75;1,31;Negativno;Ne
423;1,3;-57,6;6,65;2,94;Negativno;Ne
424;13,8;-32,7;7,55;5,07;Negativno;Ne
425;11,0;-39,6;6,29;4,11;Negativno;Ne
426;9,6;-41,1;7,41;5,29;Negativno;Ne
427;9,9;-31,9;7,29;2,92;Negativno;Ne
428;14,2;-51,7;6,97;0,53;Pozitivno;Da
429;0,1;-40,8;7,1;4,67;Negativno;Ne
430;14,5;-40,9;6,36;1,49;Negativno;Ne
431;13,1;-40,4;6,21;1,54;Negativno;Ne
432;11,3;-55,3;7,03;1,6;Negativno;Ne
433;14,5;-35,8;6,54;1,58;Negativno;Da
434;7,4;-40,2;7,14;1,59;Negativno;Ne
435;5,4;-52,9;6,69;2,48;Negativno;Ne
436;7,5;-40,8;7,29;3,38;Negativno;Ne
437;12,8;-21,6;7,31;0,37;Negativno;Ne
438;3,4;-44,6;6,64;1,46;Negativno;Ne
439;10,9;-44,3;6,2;5,0;Pozitivno;Ne
440;14,8;-48,4;7,15;3,66;Negativno;Ne
441;5,3;-48,6;7,54;2,84;Negativno;Ne
442;7,7;-44,0;6,31;2,44;Negativno;Ne
443;12,5;-52,2;6,55;0,43;Negativno;Ne
444;5,3;-40,0;7,58;4,85;Negativno;Ne
445;5,1;-43,2;7,18;3,1;Negativno;Ne
446;6,5;-60,5;7,79;0,73;Negativno;Ne
447;8,3;-36,1;6,65;0,12;Negativno;Ne
448;0,4;-31,3;7,23;0,25;Negativno;Ne
449;1,9;-47,1;6,9;3,6;Negativno;Ne
450;10,0;-62,9;6,4;4,83;Negativno;Ne
451;13,6;-63,1;6,23;2,07;Negativno;Ne
452;8,4;-56,7;7,3;3,71;Negativno;Ne
453;2,6;-55,2;6,85;2,99;Negativno;Ne
454;2,2;-72,5;7,1;2,98;Negativno;Da
455;8,4;-51,9;6,38;5,83;Negativno;Ne
456;14,1;-61,0;7,42;2,87;Negativno;Ne
457;14,0;-68,0;7,33;2,6;Negativno;Ne
458;4,8;-65,9;8,0;5,82;Negativno;Ne
459;7,4;-37,9;6,73;5,68;Pozitivno;Ne
460;9,9;-42,7;7,4;4,81;Negativno;Ne
461;12,5;-31,4;5,94;5,93;Negativno;Ne
462;14,0;-38,5;6,68;3,61;Negativno;Ne
463;14,3;-28,3;7,25;5,49;Negativno;Ne
464;6,2;-45,1;5,96;5,24;Negativno;Ne
465;1,1;-49,6;6,97;2,57;Negativno;Ne
466;13,7;-50,2;7,18;5,7;Pozitivno;Ne
467;10,6;-45,2;8,32;0,62;Negativno;Ne
468;6,5;-31,1;7,09;1,57;Negativno;Ne
469;2,2;-12,9;7,31;3,87;Negativno;Ne
470;11,1;-44,1;7,58;4,17;Negativno;Ne
471;1,7;150,0;-2,0;3,61;Pozitivno;Ne
472;9,6;-33,2;7,61;4,56;Negativno;Ne
473;2,3;-52,4;6,59;0,84;Negativno;Ne
474;11,5;-68,7;6,05;2,66;Negativno;Ne
475;5,5;-59,7;7,71;2,35;Negativno;Ne
476;5,3;-58,2;6,8;0,2;Negativno;Ne
477;4,5;-42,7;7,4;5,18;Negativno;Ne
478;2,6;-24,7;7,14;4,8;Negativno;Ne
479;0,3;-49,0;8,16;0,83;Negativno;Ne
480;6,1;-55,2;7,54;5,85;Negativno;Ne
481;14,4;-63,6;7,1;5,75;Negativno;Ne
482;3,6;-41,8;7,09;0,64;Negativno;Ne
483;12,5;-32,4;7,13;1,4;Negativno;Ne
484;4,1;-19,6;6,64;1,73;Negativno;Ne
485;6,5;-52,0;5,98;3,48;Negativno;Ne
486;7,9;-47,0;6,41;3,34;Negativno;Ne
487;6,8;-51,2;6,72;0,12;Pozitivno;Ne
488;11,3;-49,3;5,79;5,92;Negativno;Ne
489;7,4;-63,4;7,82;3,3;Negativno;Ne
490;5,8;-75,8;6,86;0,65;Negativno;Ne
491;1,9;-67,6;6,4;1,85;Pozitivno;Ne
492;7,5;-45,9;7,23;2,26;Negativno;Ne
493;7,1;-47,3;6,91;2,81;Negativno;Ne
494;12,9;-62,5;7,25;3,94;Negativno;Ne
495;13,3;-67,2;6,96;1,72;Pozitivno;Ne
496;4,7;-24,7;6,05;4,14;Negativno;Ne
497;9,4;-61,9;7,38;1,25;Negativno;Ne
498;4,0;-51,5;6,92;0,75;Negativno;Ne
499;1,8;-37,6;7,12;2,65;Negativno;Ne
500;0,2;-40,0;7,42;2,25;Negativno;Da
501;9,7;-50,3;7,3;4,81;Pozitivno;Ne
502;1,2;-48,1;6,89;3,38;Negativno;Da
503;4,0;-82,7;6,69;2,92;Negativno;Ne
504;13,2;-71,5;6,13;5,12;Negativno;Da
505;11,8;-71,9;6,89;2,2;Negativno;Ne
506;11,4;-72,2;6,99;5,23;Pozitivno;Ne
507;4,0;-42,5;6,85;4,42;Negativno;Ne
508;10,6;-35,4;7,12;1,95;Negativno;Ne
509;9,1;-14,3;6,65;4,54;Negativno;Ne
510;8,6;-12,0;6,48;4,49;Negativno;Da
511;4,3;-38,0;7,29;1,43;Negativno;Ne
512;5,5;-56,3;7,63;0,58;Negativno;Ne
513;12,3;-41,6;5,86;3,91;Negativno;Ne
514;11,4;-54,1;6,86;3,6;Negativno;Ne
515;0,4;-58,7;6,11;1,76;Negativno;Ne
516;6,0;-64,4;7,44;0,3;Negativno;Ne
517;7,0;-30,2;6,78;4,01;Negativno;Ne
518;2,3;-56,1;7,52;4,12;Negativno;Ne
519;2,0;-34,4;6,01;5,22;Negativno;Ne
520;3,1;-47,5;7,4;1,02;Negativno;Ne
521;11,9;-51,9;7,05;4,54;Pozitivno;Ne
522;9,8;-40,2;7,32;3,54;Negativno;Ne
523;10,2;-28,2;7,17;0,47;Negativno;Da
524;2,0;-53,7;7,21;2,87;Negativno;Ne
525;2,3;-59,4;7,34;2,5;Negativno;Ne
526;2,4;-43,8;6,53;5,62;Negativno;Ne
527;1,8;-52,7;7,07;5,89;Negativno;Ne
528;4,1;-27,7;7,2;5,03;Negativno;Ne
529;10,9;-6,2;6,95;9,190217924749078;Pozitivno;Da
530;11,4;-35,8;7,25;0,61;Negativno;Ne
531;12,5;-55,5;6,64;0,82;Negativno;Ne
532;14,6;-45,8;7,25;0,15;Negativno;Ne
533;6,3;-47,8;6,79;5,06;Negativno;Ne
534;4,7;-59,1;6,96;2,78;Negativno;Ne
535;5,8;-36,5;5,81;3,67;Negativno;Ne
536;8,2;-68,9;6,82;2,8;Negativno;Ne
537;0,7;-65,7;7,4;0,73;Negativno;Ne
538;9,2;-53,3;6,79;3,12;Negativno;Ne
539;0,4;-73,1;7,04;3,57;Negativno;Ne
540;8,8;-76,2;7,4;4,71;Negativno;Ne
541;1,9;-14,4;7,1;3,9902179247490768;Pozitivno;Da
542;2,8;-47,9;7,5;5,93;Negativno;Ne
543;8,6;-38,6;7,09;3,99;Pozitivno;Ne
544;12,8;-37,8;6,91;5,32;Negativno;Ne
545;8,6;-36,8;6,78;5,44;Negativno;Ne
546;8,4;-52,8;7,45;3,9;Negativno;Ne
547;9,6;-50,4;7,17;1,88;Negativno;Ne
548;6,6;-30,4;6,44;4,55;Negativno;Ne
549;12,6;-47,9;7,09;5,31;Negativno;Ne
550;9,5;-50,0;6,51;2,99;Negativno;Ne
551;4,9;-53,8;6,99;3,65;Negativno;Ne
552;8,3;-57,0;6,98;0,37;Pozitivno;Ne
553;11,1;-56,8;7,12;1,57;Negativno;Ne
554;5,1;-44,9;7,19;0,88;Negativno;Ne
555;9,5;-42,2;6,84;0,55;Negativno;Ne
556;0,5;-45,3;7,28;0,39;Negativno;Ne
557;8,3;-22,4;6,88;4,46;Negativno;Ne
558;9,6;-44,6;7,22;2,13;Negativno;Ne
559;15,0;-49,2;6,92;0,53;Negativno;Ne
560;3,9;-41,4;6,64;2,42;Pozitivno;Ne
561;0,6;-48,3;7,6;0,15;Negativno;Ne
562;11,4;-18,3;7,18;4,59;Negativno;Ne
563;1,3;-48,9;7,8;2,73;Pozitivno;Ne
564;13,4;-53,1;6,74;5,96;Pozitivno;Ne
565;5,7;-54,5;6,96;4,29;Negativno;Ne
566;4,1;-46,3;6,33;2,33;Negativno;Ne
567;2,9;-38,1;6,86;2,25;Negativno;Ne
568;4,3;-54,9;5,99;2,51;Negativno;Ne
569;6,5;-65,1;7,35;4,74;Negativno;Da
570;11,7;-62,9;7,0;1,09;Negativno;Ne
571;10,6;-51,3;6,87;4,14;Negativno;Ne
572;14,2;-67,6;6,84;1,64;Negativno;Ne
573;5,1;-5,0;7,15;8,789367678412054;Pozitivno;Da
574;3,5;-49,7;6,68;3,63;Negativno;Ne
575;11,8;-33,0;5,94;0,36;Negativno;Ne
576;5,7;-35,1;6,79;4,64;Negativno;Da
577;4,9;-41,3;7,08;2,15;Negativno;Ne
578;6,4;-15,7;7,29;6,131932953487157;Pozitivno;Da
579;13,3;-71,5;6,92;5,2;Negativno;Ne
580;1,7;-58,0;7,17;5,15;Negativno;Ne
581;0,5;-11,2;6,92;2,48;Negativno;Ne
582;0,4;-65,2;7,11;2,56;Pozitivno;Ne
583;5,7;-49,4;6,01;3,12;Negativno;Ne
584;9,1;-50,4;6,44;2,99;Negativno;Ne
585;11,8;-52,5;7,56;0,62;Negativno;Ne
586;3,6;-48,5;6,43;1,03;Negativno;Ne
587;3,0;-44,4;6,25;5,4;Negativno;Ne
588;3,5;-56,1;7,67;3,12;Negativno;Ne
589;2,2;-16,3;6,93;4,15;Negativno;Ne
590;5,5;-50,1;7,07;1,29;Negativno;Ne
591;4,2;-46,9;6,44;5,6;Negativno;Ne
592;3,4;-67,0;6,63;2,41;Pozitivno;Ne
593;1,2;-73,3;6,06;2,76;Negativno;Ne
594;5,2;-50,2;7,89;2,84;Pozitivno;Ne
595;11,7;-68,3;7,47;2,99;Negativno;Ne
596;5,6;-51,7;6,5;1,25;Negativno;Ne
597;3,8;-49,4;7,25;3,3;Negativno;Ne
598;1,6;-63,8;7,27;4,65;Negativno;Ne
599;7,7;-72,3;6,72;4,43;Negativno;Ne
600;7,0;-28,9;7,39;1,71;Negativno;Ne
601;2,2;-42,3;6,52;4,86;Negativno;Ne
602;0,4;-65,0;7,42;5,48;Negativno;Ne
603;8,9;-45,3;7,43;4,58;Negativno;Ne
604;12,4;-67,8;7,55;5,27;Negativno;Ne
605;11,9;-41,8;7,6;2,51;Negativno;Ne
606;14,9;-27,7;6,44;3,0;Negativno;Ne
607;14,3;-67,3;8,48;2,55;Negativno;Ne
608;6,2;-38,8;6,79;4,09;Negativno;Ne
609;3,9;-82,6;7,31;3,66;Negativno;Ne
610;13,4;-60,5;6,47;3,41;Pozitivno;Ne
611;5,4;-15,7;7,04;3,82;Negativno;Ne
612;3,1;-58,0;7,08;1,98;Negativno;Ne
613;10,1;-53,9;7,35;0,62;Negativno;Ne
614;14,4;-65,6;6,96;3,64;Negativno;Ne
615;11,6;-18,7;6,58;6,531932953487157;Pozitivno;Da
616;12,2;-57,2;7,35;4,64;Negativno;Ne
617;14,7;-47,5;8,15;4,19;Negativno;Ne
618;2,7;-58,8;6,6;1,16;Negativno;Ne
619;4,1;-67,0;6,72;2,11;Negativno;Ne
620;4,5;-23,5;6,59;2,67;Negativno;Da
621;2,0;-60,8;7,15;3,49;Negativno;Ne
622;2,7;-18,2;7,19;11,471932953487157;Pozitivno;Da
623;1,2;-43,9;7,42;4,54;Negativno;Ne
624;2,0;-45,4;6,75;0,13;Negativno;Ne
625;12,0;-13,4;7,11;5,239367678412054;Pozitivno;Da
626;7,3;-55,5;6,39;2,79;Negativno;Ne
627;2,0;-69,4;7,29;1,81;Negativno;Ne
628;9,5;-31,3;6,9;1,04;Negativno;Ne
629;3,1;150,0;-2,0;2,2;Pozitivno;Da
630;1,3;-45,8;5,67;2,01;Negativno;Ne
631;8,6;-38,4;7,25;5,8;Negativno;Ne
632;10,4;-45,9;7,68;5,2;Pozitivno;Ne
633;10,2;-34,6;6,25;2,64;Negativno;Ne
634;12,5;-56,8;7,33;0,32;Negativno;Ne
635;13,9;-50,3;7,76;1,7;Negativno;Ne
636;9,4;-43,9;7,55;3,1;Negativno;Ne
637;14,9;-31,9;6,83;1,71;Negativno;Ne
638;8,5;-54,2;6,57;1,89;Negativno;Ne
639;14,4;-37,1;6,64;5,92;Negativno;Ne
640;2,9;-49,8;6,97;3,68;Negativno;Ne
641;9,8;-32,2;7,21;5,35;Negativno;Ne
642;5,6;-59,2;6,47;4,81;Negativno;Ne
643;14,3;-41,5;6,96;5,18;Negativno;Ne
644;10,3;-50,1;7,51;0,44;Negativno;Ne
645;1,5;-64,6;7,44;0,61;Negativno;Ne
646;14,9;-50,1;7,16;5,94;Negativno;Ne
647;2,5;-62,6;7,4;3,11;Negativno;Da
648;5,6;-76,1;5,82;2,37;Negativno;Ne
649;8,7;-57,4;6,92;0,36;Negativno;Ne
650;1,1;-61,7;6,84;2,95;Negativno;Ne
651;4,0;-71,4;7,06;4,98;Negativno;Ne
652;11,6;-33,1;7,06;4,7;Negativno;Ne
653;5,8;-65,9;7,08;2,02;Negativno;Ne
654;2,9;-41,8;7,47;2,48;Negativno;Ne
655;7,9;-49,5;6,94;5,3;Negativno;Ne
656;14,4;-33,3;7,52;3,15;Negativno;Ne
657;13,9;-35,1;6,36;4,08;Negativno;Ne
658;1,2;-73,5;6,49;5,18;Negativno;Ne
659;6,8;-38,9;6,19;4,53;Negativno;Ne
660;10,9;-53,5;7,19;5,6;Negativno;Ne
661;6,8;-33,5;6,58;2,47;Negativno;Ne
662;12,8;-57,5;7,32;0,62;Negativno;Ne
663;4,7;-83,6;7,25;5,87;Negativno;Ne
664;2,9;-61,3;7,63;1,39;Negativno;Ne
665;5,1;-60,3;6,01;4,4;Negativno;Ne
666;6,9;-59,0;8,08;3,48;Negativno;Ne
667;7,7;-26,2;7,7;3,29;Negativno;Ne
668;7,9;-57,3;6,83;4,54;Negativno;Ne
669;6,4;-7,9;7,24;8,740217924749077;Pozitivno;Da
670;10,5;-48,4;7,25;5,13;Negativno;Ne
671;11,0;-60,9;7,26;3,05;Negativno;Ne
672;11,1;-31,5;6,74;2,81;Negativno;Ne
673;10,3;-69,7;6,44;1,78;Negativno;Da
674;5,8;-49,8;7,25;4,85;Negativno;Ne
675;14,8;-64,5;7,75;1,05;Negativno;Ne
676;1,6;-35,8;7,59;3,65;Negativno;Ne
677;11,9;-47,1;6,95;2,44;Negativno;Ne
678;6,5;-8,6;6,63;8,261932953487158;Pozitivno;Da
679;10,4;-75,5;6,65;4,35;Negativno;Ne
680;11,4;-50,6;7,93;2,12;Negativno;Ne
681;9,7;-43,5;6,45;3,34;Negativno;Ne
682;8,1;-51,4;7,17;5,98;Negativno;Ne
683;5,0;-46,9;7,37;5,79;Negativno;Ne
684;14,0;-70,9;6,42;1,6;Negativno;Ne
685;6,0;-42,1;7,36;3,85;Negativno;Ne
686;4,5;-48,2;6,0;1,99;Pozitivno;Ne
687;0,7;-37,3;6,91;2,48;Negativno;Ne
688;13,8;-59,2;6,39;5,55;Negativno;Ne
689;11,1;-57,9;6,99;0,94;Negativno;Ne
690;8,1;-44,9;6,65;0,22;Negativno;Da
691;4,1;-26,1;6,79;2,97;Negativno;Ne
692;2,7;-31,0;6,97;2,91;Negativno;Ne
693;9,5;-6,2;6,77;7,5993676784120545;Pozitivno;Da
694;6,7;-49,3;6,84;4,55;Negativno;Ne
695;10,4;-57,3;6,6;1,46;Negativno;Ne
696;5,8;-36,8;7,31;2,58;Negativno;Ne
697;1,7;-64,4;6,5;2,07;Negativno;Ne
698;13,9;-34,5;6,7;5,77;Negativno;Ne
699;8,5;-31,0;7,54;3,72;Negativno;Ne
700;0,4;-28,9;6,98;5,71;Negativno;Ne
701;7,2;-32,9;7,01;0,73;Negativno;Ne
702;0,4;-28,5;6,81;2,95;Negativno;Ne
703;5,5;-33,7;6,36;4,19;Negativno;Ne
704;3,2;-45,1;6,73;1,41;Negativno;Ne
705;2,9;-56,0;6,75;0,2;Negativno;Ne
706;3,8;-46,8;7,66;5,62;Negativno;Ne
707;1,7;-59,4;6,64;4,58;Negativno;Ne
708;10,9;-67,0;6,86;0,13;Negativno;Ne
709;6,0;-42,5;7,35;4,5;Negativno;Ne
710;3,9;-28,0;7,08;2,98;Negativno;Ne
711;1,5;-10,1;6,89;9,871932953487157;Pozitivno;Da
712;7,9;-51,8;6,26;0,75;Negativno;Ne
713;13,1;-43,5;6,67;0,31;Pozitivno;Ne
714;14,1;-74,3;7,03;0,41;Negativno;Ne
715;1,3;-35,9;6,92;5,46;Pozitivno;Ne
716;8,9;-51,9;7,03;0,32;Negativno;Ne
717;2,8;-79,6;7,35;1,93;Negativno;Ne
718;1,1;-57,0;7,24;2,61;Negativno;Ne
719;10,1;-42,7;7,41;3,9;Negativno;Ne
720;1,8;-78,1;6,26;5,91;Negativno;Ne
721;1,3;-29,2;7,29;5,5;Negativno;Ne
722;7,4;-46,4;7,15;2,37;Negativno;Ne
723;3,0;-60,7;6,45;1,68;Negativno;Ne
724;5,0;-27,0;6,97;0,69;Negativno;Ne
725;9,5;-47,9;6,86;5,63;Negativno;Ne
726;13,4;-30,5;7,38;3,09;Negativno;Ne
727;13,1;-40,0;7,36;5,67;Negativno;Ne
728;13,5;-42,5;6,34;4,54;Negativno;Ne
729;3,2;-30,5;6,93;3,06;Negativno;Ne
730;11,5;-67,1;7,37;2,72;Negativno;Ne
731;7,9;-40,5;5,95;1,78;Negativno;Ne
732;10,1;-15,1;7,6;1,12;Negativno;Ne
733;12,7;-51,1;6,81;3,85;Negativno;Da
734;12,2;-53,6;6,19;2,01;Negativno;Ne
735;11,0;-53,3;6,79;1,94;Negativno;Ne
736;0,4;-36,8;7,66;2,43;Negativno;Da
737;5,5;-60,3;7,32;2,21;Negativno;Ne
738;5,1;-59,6;7,0;4,5;Negativno;Ne
739;7,2;-64,6;7,49;1,8;Negativno;Ne
740;12,2;-48,8;6,58;5,26;Pozitivno;Ne
741;9,5;-67,9;7,7;5,52;Negativno;Ne
742;5,3;-37,5;6,81;5,19;Pozitivno;Ne
743;5,8;-42,0;6,89;1,18;Negativno;Ne
744;10,4;-42,8;6,07;1,83;Negativno;Ne
745;2,2;-66,4;6,24;0,13;Negativno;Ne
746;11,6;-81,6;6,89;1,2;Pozitivno;Ne
747;1,1;-17,4;6,88;4,34;Negativno;Da
748;2,4;-76,7;7,6;2,6;Negativno;Ne
749;0,7;-54,1;6,36;2,24;Negativno;Ne
750;2,8;-64,6;6,96;0,96;Negativno;Ne
751;8,9;-41,9;6,69;4,96;Negativno;Ne
752;3,9;-42,4;7,55;5,56;Negativno;Ne
753;9,1;150,0;-2,0;4,25;Pozitivno;Ne
754;13,3;-19,7;7,19;10,481932953487156;Pozitivno;Da
755;13,1;-26,0;6,71;1,84;Negativno;Ne
756;13,9;-54,6;7,41;4,29;Negativno;Ne
757;4,0;-10,1;6,85;6,860217924749077;Pozitivno;Da
758;12,7;-59,1;6,5;2,35;Negativno;Ne
759;10,6;-46,2;8,28;5,47;Negativno;Ne
760;1,1;-37,4;6,63;5,88;Negativno;Ne
761;5,6;-58,9;7,01;1,1;Pozitivno;Ne
762;13,0;-41,8;7,55;4,3;Negativno;Da
763;10,3;-76,0;7,06;5,92;Negativno;Ne
764;12,5;-41,3;7,24;1,07;Negativno;Ne
765;3,4;-66,2;6,36;0,15;Negativno;Ne
766;10,0;-42,5;5,95;3,58;Negativno;Ne
767;9,5;-38,6;7,25;0,17;Negativno;Ne
768;0,3;-40,3;7,19;3,2;Negativno;Ne
769;3,7;-41,3;6,99;5,15;Negativno;Ne
770;13,6;-39,2;7,16;0,34;Negativno;Ne
771;8,4;-57,8;8,04;0,95;Negativno;Ne
772;5,1;-52,4;6,39;1,42;Negativno;Ne
773;13,9;-51,4;7,05;0,62;Negativno;Ne
774;4,8;-26,8;7,5;4,83;Negativno;Ne
775;5,9;-59,8;6,96;1,51;Negativno;Ne
776;7,8;-24,6;7,43;3,71;Negativno;Ne
777;7,7;-37,6;7,38;3,95;Negativno;Ne
778;8,5;-41,0;7,59;5,85;Negativno;Ne
779;14,4;-45,6;7,07;4,0;Negativno;Ne
780;0,5;-70,0;7,43;4,14;Negativno;Ne
781;14,1;-56,8;6,7;1,73;Negativno;Ne
782;4,3;-49,5;7,04;0,38;Pozitivno;Ne
783;3,7;-52,5;7,67;3,77;Negativno;Da
784;2,8;-36,0;7,0;0,47;Negativno;Ne
785;6,7;-70,0;7,22;0,8;Negativno;Ne
786;8,3;-56,9;7,59;3,73;Negativno;Ne
787;0,3;-77,2;6,52;0,96;Negativno;Ne
788;14,1;-45,2;6,83;1,69;Negativno;Ne
789;9,8;-75,6;6,52;4,82;Negativno;Ne
790;2,2;-43,8;7,16;2,45;Negativno;Ne
791;11,6;-46,1;7,37;0,29;Pozitivno;Ne
792;14,2;-51,7;6,79;4,6;Negativno;Ne
793;12,2;-40,4;7,01;1,95;Negativno;Ne
794;14,5;-42,2;6,29;0,78;Negativno;Ne
795;14,4;-57,8;7,47;4,22;Pozitivno;Ne
796;3,8;-47,8;7,37;2,0;Pozitivno;Ne
797;7,6;-77,9;6,98;2,03;Negativno;Ne
798;8,9;-51,7;7,58;0,19;Negativno;Da
799;3,5;-33,0;6,25;4,95;Negativno;Ne
800;11,2;-43,7;7,29;4,92;Negativno;Ne
801;5,9;-36,2;6,36;1,23;Negativno;Ne
802;8,8;-66,7;7,26;5,26;Negativno;Ne
803;5,9;-56,3;7,47;0,81;Negativno;Ne
804;7,7;-54,3;7,47;5,38;Negativno;Ne
805;6,0;-23,8;6,49;1,98;Negativno;Ne
806;4,2;-61,2;6,53;0,32;Negativno;Ne
807;7,3;-32,1;6,76;3,18;Negativno;Ne
808;8,4;-54,2;7,43;0,79;Pozitivno;Ne
809;5,2;-68,5;6,96;2,5;Negativno;Ne
810;6,0;-60,4;6,68;5,67;Negativno;Ne
811;0,9;-52,2;6,41;2,3;Negativno;Ne
812;7,7;-72,0;7,59;3,1;Negativno;Da
813;7,0;-65,5;7,09;1,98;Negativno;Ne
814;9,3;-41,0;7,11;4,65;Negativno;Ne
815;5,1;-51,4;6,31;2,15;Negativno;Ne
816;14,8;-22,4;6,77;4,09;Negativno;Ne
817;7,6;-56,8;6,93;5,66;Pozitivno;Ne
818;3,8;-42,2;7,21;2,92;Negativno;Ne
819;13,1;-74,3;6,37;4,2;Negativno;Ne
820;0,5;-30,6;6,58;2,3;Negativno;Ne
821;1,3;-30,0;6,86;3,28;Negativno;Ne
822;10,1;-57,1;6,83;2,06;Negativno;Ne
823;12,1;-63,1;7,09;2,9;Negativno;Ne
824;6,9;-34,4;6,85;3,53;Negativno;Ne
825;1,6;-29,0;6,88;4,12;Negativno;Ne
826;6,2;-41,6;7,03;2,53;Negativno;Ne
827;0,7;-43,3;6,68;4,47;Negativno;Ne
828;7,7;-59,3;6,8;2,39;Negativno;Ne
829;0,7;-41,8;7,08;5,6;Negativno;Ne
830;1,9;-8,6;6,99;1,41;Negativno;Ne
831;3,3;-52,9;6,06;1,84;Pozitivno;Ne
832;13,9;-51,2;7,21;3,99;Negativno;Ne
833;5,0;-37,3;7,47;4,08;Negativno;Ne
834;11,0;-30,2;7,75;2,13;Negativno;Ne
835;10,3;-23,0;6,84;3,8;Negativno;Ne
836;12,0;-59,6;6,38;4,02;Negativno;Ne
837;13,0;-69,3;6,5;3,13;Negativno;Ne
838;14,9;-45,0;6,73;2,56;Negativno;Ne
839;4,9;-63,3;6,94;1,67;Negativno;Ne
840;12,7;-56,6;7,0;1,67;Negativno;Ne
841;1,8;-41,0;6,63;1,34;Negativno;Ne
842;4,6;-53,7;6,87;4,62;Negativno;Ne
843;11,3;-53,5;6,8;5,6;Negativno;Ne
844;6,5;-37,2;5,78;2,39;Negativno;Ne
845;11,9;-33,6;7,85;1,77;Negativno;Ne
846;11,0;-51,9;7,72;4,73;Negativno;Da
847;4,3;-60,7;7,4;3,84;Negativno;Ne
848;2,9;-85,8;6,75;4,11;Negativno;Ne
849;6,7;-55,9;6,74;1,62;Negativno;Ne
850;3,6;-39,6;7,33;5,83;Pozitivno;Ne
851;7,9;-61,6;7,64;0,58;Negativno;Ne
852;13,3;-62,2;6,72;1,29;Negativno;Ne
853;1,7;-33,7;6,51;0,35;Negativno;Ne
854;13,6;-72,6;6,78;0,15;Negativno;Ne
855;13,0;-58,7;7,34;1,08;Negativno;Ne
856;3,2;-65,8;7,6;4,66;Negativno;Ne
857;8,2;-41,2;7,12;1,07;Negativno;Ne
858;10,6;-58,4;6,04;5,24;Pozitivno;Ne
859;12,6;-47,7;6,32;1,33;Pozitivno;Ne
860;10,8;-62,3;7,5;0,2;Negativno;Ne
861;6,2;-52,6;6,6;4,48;Negativno;Ne
862;2,0;-49,3;7,04;4,03;Negativno;Ne
863;13,3;-54,5;7,51;3,16;Negativno;Ne
864;0,9;-33,7;7,04;1,12;Negativno;Ne
865;6,7;-48,3;7,21;5,13;Negativno;Ne
866;6,5;-29,1;6,93;3,87;Pozitivno;Ne
867;13,0;-36,9;6,76;2,63;Negativno;Ne
868;5,4;-6,5;6,56;6,570217924749077;Pozitivno;Da
869;6,0;-63,2;7,08;5,38;Negativno;Ne
870;5,5;-12,0;6,39;5,05;Negativno;Ne
871;13,0;-62,6;6,27;3,57;Negativno;Ne
872;0,9;-61,7;6,91;3,47;Negativno;Ne
873;10,1;-8,3;7,36;7,0993676784120545;Pozitivno;Da
874;0,2;-79,8;6,5;2,77;Negativno;Ne
875;7,5;-19,1;6,49;5,74;Negativno;Ne
876;6,5;-49,2;6,7;3,29;Negativno;Ne
877;5,8;-55,8;7,08;5,09;Negativno;Ne
878;9,5;-33,1;6,94;4,6;Negativno;Ne
879;7,8;-83,3;7,0;1,54;Negativno;Ne
880;4,6;-53,1;6,97;5,03;Negativno;Ne
881;8,3;-7,0;7,2;5,859367678412054;Pozitivno;Da
882;7,5;-32,0;6,3;2,09;Pozitivno;Ne
883;2,9;-18,3;6,95;4,579367678412054;Pozitivno;Da
884;14,3;-66,2;6,56;4,98;Negativno;Ne
885;1,4;-25,6;7,66;1,88;Negativno;Ne
886;4,0;-65,4;6,99;2,26;Negativno;Ne
887;7,7;-70,4;7,49;5,03;Negativno;Ne
888;2,3;-78,6;7,07;2,5;Negativno;Ne
889;14,2;-49,9;7,7;0,91;Negativno;Ne
890;10,4;-51,4;7,35;4,24;Negativno;Ne
891;1,1;-53,1;6,43;1,95;Negativno;Ne
892;2,2;-54,0;6,56;1,33;Negativno;Ne
893;7,0;-16,0;6,61;9,739367678412053;Pozitivno;Da
894;11,6;-29,7;7,45;2,62;Negativno;Ne
895;13,7;-50,4;7,05;5,12;Negativno;Ne
896;11,0;-55,1;7,1;2,56;Negativno;Ne
897;12,0;-43,9;7,07;3,47;Negativno;Ne
898;8,6;-18,4;6,7;9,079367678412055;Pozitivno;Da
899;4,1;-41,3;7,14;5,38;Pozitivno;Ne
900;13,2;-63,8;6,46;4,21;Negativno;Ne
901;1,3;-34,8;7,12;2,79;Negativno;Ne
902;13,8;-50,8;8,01;3,05;Negativno;Ne
903;9,0;-77,6;6,25;0,78;Negativno;Ne
904;2,4;-41,0;6,26;5,45;Negativno;Ne
905;8,6;-44,6;6,79;4,53;Negativno;Ne
906;0,8;-38,4;7,25;2,01;Pozitivno;Ne
907;10,0;-53,6;6,57;5,87;Negativno;Ne
908;5,5;-14,7;6,79;6,461932953487157;Pozitivno;Da
909;9,3;-42,3;6,93;5,09;Negativno;Ne
910;14,8;-43,8;7,52;4,02;Negativno;Ne
911;3,7;-55,8;6,56;1,7;Negativno;Ne
912;14,1;-47,0;7,07;4,8;Negativno;Ne
913;10,6;-75,8;6,63;3,06;Negativno;Ne
914;8,2;-47,9;7,06;4,92;Negativno;Ne
915;13,2;-42,3;6,43;2,48;Negativno;Ne
916;8,6;-64,3;6,91;2,52;Negativno;Da
917;2,8;-58,9;7,83;3,76;Negativno;Ne
918;6,1;-72,2;7,34;4,09;Negativno;Ne
919;8,1;-37,2;6,7;2,46;Negativno;Ne
920;13,3;-31,0;6,64;4,59;Negativno;Ne
921;9,7;-43,8;6,73;3,62;Negativno;Ne
922;13,4;-31,5;6,25;1,83;Negativno;Ne
923;4,9;-64,4;6,63;0,12;Negativno;Ne
924;5,1;-64,9;6,78;3,45;Negativno;Ne
925;6,1;-12,5;7,18;5,000217924749077;Pozitivno;Da
926;13,8;-61,6;6,8;0,92;Negativno;Ne
927;11,1;-74,7;6,77;2,06;Negativno;Ne
928;5,9;-98,1;6,25;5,87;Negativno;Ne
929;14,7;-21,9;6,93;5,96;Negativno;Ne
930;13,2;-49,9;6,92;4,82;Negativno;Ne
931;9,5;-48,8;7,23;5,98;Negativno;Ne
932;12,6;-51,6;7,11;1,58;Negativno;Ne
933;0,7;-29,2;7,55;2,35;Negativno;Ne
934;6,8;-37,2;6,79;4,35;Negativno;Ne
935;11,2;-36,1;7,75;2,78;Negativno;Ne
936;3,1;-53,4;7,37;2,24;Negativno;Ne
937;7,0;-42,6;6,95;4,9;Negativno;Ne
938;0,5;-69,3;7,5;4,47;Pozitivno;Ne
939;14,5;-45,2;7,31;5,48;Negativno;Ne
940;9,4;-38,8;7,52;4,95;Negativno;Ne
941;4,7;-82,2;7,35;2,27;Negativno;Ne
942;10,1;-39,8;7,77;0,45;Negativno;Ne
943;12,9;-42,8;7,11;5,32;Negativno;Ne
944;6,9;-7,9;7,81;7,520217924749076;Pozitivno;Da
945;4,1;-40,4;7,35;5,69;Negativno;Ne
946;9,7;-56,4;7,5;4,6;Negativno;Ne
947;9,7;-74,4;7,14;4,35;Negativno;Ne
948;6,7;-46,5;6,53;5,25;Negativno;Ne
949;10,1;-67,6;6,1;4,62;Negativno;Ne
950;6,1;-72,5;7,47;2,27;Negativno;Ne
951;11,5;-27,2;7,61;2,96;Negativno;Ne
952;7,3;-40,6;6,37;3,57;Negativno;Ne
953;13,0;-77,2;6,71;2,71;Negativno;Ne
954;11,2;-36,9;7,61;3,41;Negativno;Ne
955;11,2;-76,5;8,39;2,08;Negativno;Ne
956;7,1;-40,5;6,07;5,98;Negativno;Ne
957;15,0;-62,6;6,25;0,54;Negativno;Ne
958;6,4;-63,9;7,23;0,86;Negativno;Ne
959;10,6;-57,0;6,48;2,83;Negativno;Ne
960;2,7;-50,9;7,34;3,28;Negativno;Ne
961;14,1;-58,7;7,83;2,99;Negativno;Ne
962;5,3;-48,6;7,25;1,55;Negativno;Ne
963;13,7;-64,4;7,02;1,19;Negativno;Ne
964;1,4;-48,1;7,11;1,84;Negativno;Ne
965;6,7;-35,0;6,08;0,69;Negativno;Da
966;12,9;-59,7;6,69;3,72;Negativno;Da
967;10,0;-57,6;6,46;1,33;Negativno;Da
968;2,2;-39,5;7,33;1,2;Negativno;Ne
969;10,2;-57,8;6,31;0,63;Pozitivno;Ne
970;8,5;-86,0;7,15;0,94;Negativno;Ne
971;5,5;-40,5;6,94;3,95;Negativno;Da
972;11,1;-34,6;6,94;0,78;Negativno;Ne
973;2,5;-55,9;6,99;2,69;Negativno;Ne
974;12,3;-34,8;7,25;5,51;Negativno;Ne
975;12,0;-72,6;7,04;3,74;Negativno;Ne
976;11,5;-28,7;6,85;3,93;Pozitivno;Ne
977;6,1;-13,0;7,97;6,281932953487157;Pozitivno;Da
978;10,0;-47,3;7,18;2,96;Negativno;Ne
979;1,2;-24,1;7,94;1,82;Negativno;Ne
980;11,9;-35,1;7,55;3,57;Negativno;Ne
981;1,3;-49,8;7,35;4,16;Pozitivno;Ne
982;12,4;-67,9;7,65;2,26;Negativno;Ne
983;12,8;-52,3;6,47;1,68;Negativno;Ne
984;11,3;-17,9;6,47;7,640217924749077;Pozitivno;Da
985;7,4;-59,1;6,98;1,53;Negativno;Ne
986;7,6;-38,7;8,11;2,94;Negativno;Ne
987;13,0;-40,3;6,69;5,38;Negativno;Ne
988;7,6;-51,3;7,31;4,95;Negativno;Ne
989;2,5;-79,9;6,69;4,89;Pozitivno;Ne
990;8,8;-32,7;7,19;2,22;Negativno;Ne
991;8,2;-46,4;7,34;1,98;Negativno;Ne
992;11,9;-55,2;7,35;3,55;Negativno;Ne
993;0,6;-43,7;6,86;3,47;Negativno;Ne
994;7,7;-61,2;6,42;3,33;Negativno;Ne
995;13,1;-48,2;6,99;3,89;Negativno;Ne
996;7,1;-58,6;7,52;4,95;Negativno;Ne
997;9,6;-47,5;6,71;3,75;Negativno;Ne
998;4,6;-55,8;6,47;1,24;Negativno;Ne
999;8,8;-69,8;7,58;5,91;Negativno;Ne
1000;12,1;-77,7;6,91;3,42;Negativno;Ne
1001;1,3;-64,3;7,27;1,82;Negativno;Ne
1002;3,5;-57,8;6,86;5,96;Negativno;Ne
1003;12,7;-61,7;6,62;1,87;Negativno;Ne
1004;13,6;-41,0;7,67;2,72;Negativno;Ne
1005;3,6;-91,8;6,68;2,13;Negativno;Ne
1006;6,9;-53,7;6,82;0,83;Negativno;Ne
1007;5,8;-37,6;7,04;2,82;Negativno;Ne
1008;11,6;-69,8;6,72;2,59;Negativno;Ne
1009;11,8;-56,6;6,24;2,15;Negativno;Ne
1010;1,5;-37,0;6,85;5,54;Negativno;Ne
1011;11,4;-38,4;6,38;3,17;Negativno;Ne
1012;3,3;-60,0;7,53;0,29;Negativno;Ne
1013;2,1;-51,9;6,76;0,67;Negativno;Ne
1014;9,0;-40,4;7,51;0,8;Negativno;Ne
1015;3,4;-78,2;7,24;5,12;Negativno;Ne
1016;13,4;-67,6;7,54;5,42;Pozitivno;Ne
1017;3,8;-41,7;6,8;3,52;Negativno;Ne
1018;1,3;-43,8;7,03;3,51;Negativno;Ne
1019;13,3;-65,6;7,37;2,95;Negativno;Da
1020;14,1;-70,2;6,51;5,81;Negativno;Ne
1021;3,8;-64,8;6,93;0,27;Negativno;Ne
1022;13,2;-50,3;7,3;4,85;Negativno;Ne
1023;14,3;-58,0;7,13;2,37;Negativno;Ne
1024;6,3;-45,2;7,45;1,12;Negativno;Ne
1025;12,8;-46,1;6,79;0,66;Negativno;Ne
1026;1,7;-64,3;7,12;3,0;Pozitivno;Ne
1027;1,2;-17,0;6,77;1,38;Negativno;Ne
1028;6,1;-66,0;6,78;0,76;Negativno;Ne
1029;10,4;-73,9;6,97;0,67;Negativno;Ne
1030;8,0;-57,3;6,7;2,51;Negativno;Ne
1031;6,3;-31,2;5,98;0,42;Negativno;Da
1032;7,9;-54,8;6,67;2,47;Negativno;Ne
1033;12,8;-55,5;6,97;4,54;Negativno;Ne
1034;3,8;-41,4;6,68;3,01;Negativno;Ne
1035;13,7;-31,0;7,27;2,67;Negativno;Ne
1036;9,9;-22,0;6,88;5,77;Negativno;Ne
1037;0,7;-42,0;7,03;1,9;Negativno;Ne
1038;1,9;-16,2;7,48;8,670217924749076;Pozitivno;Da
1039;13,9;-60,0;7,14;3,54;Negativno;Ne
1040;8,4;-41,9;7,11;5,29;Negativno;Ne
1041;7,5;-33,3;6,71;4,04;Negativno;Ne
1042;12,0;-42,7;7,3;5,49;Negativno;Ne
1043;9,8;-52,0;6,95;3,8;Negativno;Ne
1044;5,7;-66,6;6,86;5,36;Pozitivno;Ne
1045;7,7;-34,3;7,74;0,95;Negativno;Ne
1046;12,2;-24,7;6,62;5,15;Negativno;Ne
1047;12,5;-30,0;7,86;0,93;Negativno;Ne
1048;9,6;-50,4;7,32;3,08;Negativno;Ne
1049;5,4;-43,4;6,96;1,94;Negativno;Ne
1050;7,9;-41,3;6,44;3,9;Negativno;Ne
1051;4,5;-61,8;6,73;4,21;Negativno;Ne
1052;13,1;-60,1;6,72;2,37;Negativno;Ne
1053;1,6;-75,2;7,95;2,57;Negativno;Ne
1054;11,8;-46,8;6,58;3,74;Negativno;Ne
1055;6,1;-54,7;7,33;5,58;Negativno;Ne
1056;13,2;-35,1;6,01;0,82;Negativno;Ne
1057;3,9;-65,0;7,01;1,87;Negativno;Ne
1058;2,4;-55,5;6,64;0,84;Negativno;Ne
1059;2,5;-50,2;7,91;2,1;Negativno;Ne
1060;0,9;-31,5;7,4;5,76;Negativno;Ne
1061;3,2;-60,9;7,42;2,8;Negativno;Ne
1062;4,6;-18,9;7,18;3,96;Negativno;Ne
1063;6,4;-48,0;6,84;0,46;Pozitivno;Ne
1064;5,5;-63,9;6,52;5,57;Negativno;Ne
1065;1,8;-45,7;7,05;3,77;Negativno;Ne
1066;2,2;-43,1;7,02;3,6;Negativno;Ne
1067;9,5;-66,8;6,66;1,91;Negativno;Ne
1068;1,0;-39,0;6,71;3,78;Negativno;Ne
1069;3,6;-49,8;7,73;0,74;Negativno;Ne
1070;10,0;-48,2;7,06;2,97;Negativno;Ne
1071;13,6;-32,3;6,4;4,18;Negativno;Ne
1072;7,1;-55,4;7,16;4,9;Pozitivno;Ne
1073;2,3;-66,3;6,7;0,43;Negativno;Ne
1074;13,4;-17,5;5,97;3,6;Negativno;Ne
1075;8,8;-35,8;6,97;5,26;Negativno;Ne
1076;13,6;-63,5;6,84;1,6;Negativno;Ne
1077;5,4;-63,5;7,42;4,76;Negativno;Ne
1078;14,7;-67,1;7,23;2,36;Negativno;Ne
1079;10,7;-54,3;7,19;2,68;Negativno;Ne
1080;1,9;-45,2;7,01;5,76;Negativno;Ne
1081;2,5;-47,3;7,33;2,95;Negativno;Ne
1082;5,3;-62,4;7,04;3,03;Negativno;Ne
1083;13,2;-60,3;6,49;4,42;Negativno;Ne
1084;12,1;-74,3;7,35;0,73;Negativno;Da
1085;4,8;-40,8;6,2;1,39;Negativno;Ne
1086;9,8;-45,7;7,54;4,49;Pozitivno;Ne
1087;13,2;-61,7;6,28;3,39;Negativno;Ne
1088;6,8;-60,6;7,43;2,95;Negativno;Ne
1089;9,3;-53,9;6,55;1,95;Negativno;Ne
1090;2,4;-65,0;7,14;5,37;Negativno;Ne
1091;3,6;-54,4;7,62;1,7;Negativno;Ne
1092;14,8;-39,5;6,29;0,49;Negativno;Ne
1093;6,3;-51,7;7,08;4,89;Negativno;Ne
1094;1,3;-31,3;7,4;4,22;Negativno;Da
1095;0,5;-48,7;6,98;1,16;Negativno;Ne
1096;7,3;-17,6;7,38;0,34;Negativno;Ne
1097;9,3;-72,3;6,2;1,06;Negativno;Ne
1098;9,5;-26,3;7,0;0,57;Pozitivno;Ne
1099;6,8;-72,3;7,13;5,76;Negativno;Ne
1100;11,8;-33,2;7,51;4,63;Negativno;Ne
1101;0,2;-54,2;7,24;3,87;Negativno;Ne
1102;4,1;-48,8;7,82;4,74;Negativno;Ne
1103;12,5;-50,1;7,71;2,2;Negativno;Ne
1104;0,3;-6,1;6,22;4,259367678412054;Pozitivno;Da
1105;2,1;-50,4;7,18;1,61;Negativno;Ne
1106;4,6;-50,2;7,77;0,97;Negativno;Ne
1107;14,0;-68,2;7,55;4,97;Negativno;Ne
1108;1,2;-59,4;6,76;1,29;Negativno;Ne
1109;13,2;-43,6;7,08;2,77;Negativno;Ne
1110;9,5;-50,9;7,6;0,87;Negativno;Ne
1111;2,3;-34,9;7,2;3,19;Negativno;Ne
1112;13,6;-59,2;7,03;1,36;Negativno;Ne
1113;4,5;-38,1;6,05;0,93;Negativno;Ne
1114;1,9;-53,6;7,35;4,55;Negativno;Ne
1115;10,6;-30,0;6,23;5,5;Negativno;Ne
1116;1,9;-42,6;7,28;3,56;Negativno;Ne
1117;7,3;-56,2;7,35;3,13;Negativno;Ne
1118;10,2;-29,2;7,04;2,57;Negativno;Ne
1119;4,3;-17,5;7,92;7,631932953487157;Pozitivno;Da
1120;0,8;-70,1;7,05;3,45;Pozitivno;Ne
1121;10,1;-44,4;6,31;3,17;Negativno;Ne
1122;5,0;-49,3;6,49;4,4;Negativno;Ne
1123;14,4;-48,0;6,53;5,77;Pozitivno;Ne
1124;12,8;-48,9;7,36;3,07;Pozitivno;Ne
1125;4,5;-48,2;6,7;3,85;Negativno;Ne
1126;7,2;-50,6;6,81;5,19;Pozitivno;Ne
1127;14,6;-31,5;7,47;1,37;Negativno;Ne
1128;1,3;-52,6;7,25;5,34;Negativno;Ne
1129;10,3;-68,7;7,2;0,62;Negativno;Ne
1130;13,3;-58,6;6,44;5,43;Pozitivno;Ne
1131;11,2;-52,0;7,06;1,05;Negativno;Ne
1132;11,6;-44,8;6,98;4,38;Negativno;Ne
1133;10,5;-60,5;7,72;1,96;Negativno;Ne
1134;11,1;-40,8;6,94;3,15;Negativno;Ne
1135;5,4;-46,1;7,39;1,94;Negativno;Ne
1136;7,7;-69,9;7,65;3,9;Negativno;Ne
1137;12,9;-33,7;6,13;2,16;Negativno;Ne
1138;7,9;-18,7;7,1;3,7;Pozitivno;Ne
1139;9,6;-45,8;6,23;1,46;Pozitivno;Ne
1140;6,4;-52,6;6,78;0,53;Negativno;Ne
1141;13,1;-45,3;7,28;0,67;Negativno;Ne
1142;8,9;-43,0;7,13;5,92;Negativno;Ne
1143;4,7;-63,2;7,02;2,22;Negativno;Ne
1144;8,4;-66,3;7,0;4,31;Negativno;Ne
1145;4,2;-77,3;6,31;2,71;Negativno;Ne
1146;14,1;-71,6;6,92;5,78;Negativno;Ne
1147;2,4;-51,2;7,37;1,87;Negativno;Ne
1148;9,4;-11,3;7,53;6,900217924749077;Pozitivno;Da
1149;4,8;-47,4;7,07;1,52;Negativno;Ne
1150;8,2;-46,9;6,73;1,62;Negativno;Ne
1151;14,3;-50,4;5,84;0,26;Negativno;Ne
1152;4,1;-38,7;7,23;0,55;Negativno;Ne
1153;2,5;-57,6;7,29;5,69;Negativno;Ne
1154;13,3;-35,5;6,93;1,26;Negativno;Ne
1155;13,9;-37,4;7,16;4,21;Negativno;Ne
1156;6,9;-73,7;7,78;4,8;Negativno;Ne
1157;3,4;-27,1;7,2;5,55;Negativno;Ne
1158;2,8;-34,5;5,63;4,37;Negativno;Ne
1159;11,6;-52,2;7,33;5,92;Negativno;Ne
1160;0,4;-32,1;7,22;5,4;Negativno;Ne
1161;10,1;-33,1;5,85;5,68;Negativno;Ne
1162;9,1;-44,3;6,57;2,03;Negativno;Ne
1163;6,2;-42,2;7,48;3,89;Negativno;Ne
1164;9,5;-68,3;6,85;1,26;Negativno;Ne
1165;2,4;-56,8;7,36;5,7;Negativno;Ne
1166;0,4;-62,9;6,81;4,86;Negativno;Da
1167;4,8;-78,2;7,36;4,28;Negativno;Ne
1168;5,3;-63,4;6,66;3,03;Negativno;Ne
1169;8,9;-64,1;6,94;4,39;Negativno;Ne
1170;5,4;-49,3;7,27;5,16;Negativno;Ne
1171;12,1;-43,7;7,35;5,75;Negativno;Ne
1172;2,2;-56,6;7,16;4,54;Negativno;Ne
1173;13,6;-30,9;7,4;5,5;Negativno;Ne
1174;10,2;-43,5;7,06;3,37;Negativno;Ne
1175;8,4;-25,9;6,37;2,06;Negativno;Ne
1176;11,2;-48,9;6,51;4,77;Negativno;Ne
1177;6,6;-68,0;8,0;1,96;Negativno;Ne
1178;14,1;-44,0;7,55;5,7;Negativno;Ne
1179;2,1;-75,2;7,79;2,16;Negativno;Ne
1180;11,1;-76,6;7,57;1,83;Negativno;Ne
1181;8,0;-50,6;7,88;3,28;Pozitivno;Ne
1182;8,2;-60,2;6,97;5,73;Negativno;Ne
1183;14,0;-34,3;7,18;0,29;Negativno;Ne
1184;3,8;-55,0;7,3;3,4;Negativno;Ne
1185;12,2;-17,3;7,84;0,81;Negativno;Ne
1186;9,3;-8,4;7,0;8,949367678412054;Pozitivno;Da
1187;9,2;-58,2;7,14;4,66;Negativno;Ne
1188;1,2;-65,1;6,79;0,23;Negativno;Ne
1189;1,4;-51,3;7,35;3,24;Pozitivno;Ne
1190;4,1;-63,8;7,12;3,72;Negativno;Ne
1191;8,7;-58,6;7,08;2,57;Negativno;Ne
1192;0,1;-61,6;7,48;1,24;Negativno;Ne
1193;1,1;-38,3;7,57;0,98;Negativno;Ne
1194;9,1;-45,1;7,4;5,82;Negativno;Ne
1195;8,6;-67,5;7,96;4,94;Negativno;Ne
1196;5,4;-40,6;7,51;2,75;Negativno;Ne
1197;10,1;-46,0;6,55;4,36;Negativno;Ne
1198;10,4;-79,5;7,23;3,4;Negativno;Ne
1199;11,4;-50,5;7,76;1,32;Negativno;Ne
1200;13,9;-27,5;8,13;2,97;Pozitivno;Ne
1201;7,4;-59,2;7,26;3,29;Negativno;Ne
1202;0,1;-26,5;6,64;3,23;Negativno;Ne
1203;11,3;-65,3;6,58;5,75;Negativno;Ne
1204;6,7;-29,5;8,12;3,58;Negativno;Ne
1205;6,9;-89,5;7,12;4,54;Negativno;Ne
1206;7,9;-37,1;6,88;1,1;Negativno;Ne
1207;13,0;-46,3;7,15;1,99;Negativno;Ne
1208;13,2;-44,8;7,81;3,36;Negativno;Ne
1209;12,1;-65,1;5,85;0,77;Negativno;Ne
1210;8,9;-79,2;7,4;0,95;Negativno;Ne
1211;6,6;-46,6;7,17;1,13;Pozitivno;Ne
1212;12,8;-75,0;7,07;1,97;Negativno;Ne
1213;4,8;-25,8;7,25;0,2;Negativno;Ne
1214;7,7;-47,7;6,74;0,72;Negativno;Ne
1215;5,6;-37,2;6,51;5,41;Negativno;Ne
1216;14,6;-70,9;7,08;4,21;Negativno;Ne
1217;8,4;-42,0;7,7;2,74;Negativno;Ne
1218;6,7;-42,4;6,19;2,23;Negativno;Ne
1219;9,5;-49,0;7,26;5,33;Negativno;Ne
1220;2,8;-58,6;7,04;5,67;Negativno;Ne
1221;6,4;-31,0;6,94;4,05;Negativno;Ne
1222;12,1;-45,3;6,55;2,28;Negativno;Ne
1223;5,2;-50,9;7,57;4,7;Negativno;Ne
1224;11,2;-53,8;6,57;3,29;Negativno;Ne
1225;14,9;-53,0;6,84;1,86;Negativno;Ne
1226;11,4;-63,6;6,55;0,27;Negativno;Ne
1227;1,5;-16,6;6,47;6,909367678412054;Pozitivno;Da
1228;7,7;-50,9;6,62;5,71;Negativno;Da
1229;10,5;-44,8;6,0;5,92;Negativno;Ne
1230;9,7;-44,3;6,62;0,42;Negativno;Ne
1231;1,4;-75,2;7,44;5,33;Negativno;Ne
1232;11,8;-52,4;5,89;2,86;Negativno;Ne
1233;2,6;-81,6;7,06;5,57;Negativno;Ne
1234;13,5;-14,3;6,8;1,4;Negativno;Ne
1235;3,8;-10,2;7,31;4,839367678412054;Pozitivno;Da
1236;3,6;-64,2;6,65;4,99;Negativno;Ne
1237;6,1;-63,4;6,9;3,66;Pozitivno;Ne
1238;12,7;-57,7;6,81;4,69;Negativno;Ne
1239;7,5;-33,1;7,01;5,83;Negativno;Ne
1240;6,7;-63,0;7,88;2,99;Negativno;Ne
1241;14,5;-58,2;7,37;3,55;Negativno;Ne
1242;5,2;-20,7;7,15;4,96;Negativno;Ne
1243;9,0;-26,2;6,29;1,51;Pozitivno;Ne
1244;9,6;-57,9;7,09;5,33;Negativno;Ne
1245;4,4;-47,8;6,9;4,61;Negativno;Ne
1246;1,0;-27,9;6,96;4,72;Pozitivno;Ne
1247;14,9;-62,6;6,82;1,25;Negativno;Ne
1248;10,2;-32,8;7,33;1,57;Negativno;Ne
1249;12,8;-40,2;6,64;5,04;Negativno;Ne
1250;2,8;-55,7;7,56;1,12;Negativno;Ne
1251;2,4;-60,4;7,69;4,39;Negativno;Ne
1252;9,9;-9,5;7,36;9,610217924749076;Pozitivno;Da
1253;7,9;-39,8;7,0;2,53;Negativno;Ne
1254;8,9;-50,8;6,63;5,62;Negativno;Ne
1255;2,6;-62,6;6,6;4,4;Negativno;Ne
1256;8,1;-43,0;6,77;3,45;Negativno;Ne
1257;14,5;-65,5;7,79;5,4;Negativno;Ne
1258;5,3;-42,9;6,59;2,55;Negativno;Ne
1259;8,9;-58,5;6,89;5,61;Negativno;Ne
1260;7,7;-40,0;6,51;3,98;Negativno;Ne
1261;4,1;-60,5;6,47;2,66;Negativno;Ne
1262;4,1;-47,3;7,22;3,01;Negativno;Ne
1263;2,7;-18,8;5,87;4,85;Negativno;Ne
1264;5,1;-56,8;7,34;0,3;Negativno;Ne
1265;13,0;-29,8;7,21;0,71;Negativno;Ne
1266;10,9;-57,6;7,33;4,16;Negativno;Ne
1267;9,3;-49,4;6,73;3,6;Pozitivno;Ne
1268;13,2;-68,0;7,66;1,38;Negativno;Ne
1269;12,9;-40,7;6,32;3,81;Negativno;Ne
1270;4,8;-50,3;7,11;3,81;Negativno;Ne
1271;6,2;-37,4;7,27;3,06;Negativno;Ne
1272;5,9;-12,4;6,79;7,820217924749077;Pozitivno;Da
1273;6,3;-53,4;7,79;3,48;Negativno;Da
1274;0,4;-22,9;7,51;0,59;Negativno;Ne
1275;11,6;-56,4;7,62;2,07;Negativno;Ne
1276;2,9;-35,4;6,36;4,41;Negativno;Ne
1277;1,0;-36,7;7,58;4,95;Pozitivno;Ne
1278;1,2;-51,3;6,86;0,46;Negativno;Ne
1279;12,5;-28,8;6,82;2,12;Negativno;Ne
1280;5,6;-46,4;7,43;1,96;Negativno;Ne
1281;1,8;-50,8;7,48;5,72;Negativno;Ne
1282;0,3;-58,9;7,26;3,67;Negativno;Ne
1283;9,8;-52,9;6,97;1,83;Pozitivno;Ne
1284;7,0;-63,1;7,58;4,58;Negativno;Ne
1285;11,0;-33,1;7,86;2,36;Negativno;Ne
1286;8,2;-55,3;7,22;4,74;Negativno;Ne
1287;5,0;-5,8;7,1;9,350217924749078;Pozitivno;Da
1288;7,6;-35,7;7,54;3,83;Negativno;Ne
1289;7,6;-49,7;7,2;2,86;Negativno;Ne
1290;7,7;-49,7;6,91;1,8;Negativno;Da
1291;4,4;-35,1;7,79;5,7;Negativno;Ne
1292;1,7;-39,1;7,93;0,61;Negativno;Ne
1293;4,6;-42,2;5,96;5,97;Pozitivno;Ne
1294;8,1;-64,2;6,91;5,98;Negativno;Ne
1295;4,1;-59,3;6,94;2,15;Negativno;Ne
1296;6,6;-35,7;6,44;2,63;Negativno;Ne
1297;2,9;-54,5;7,14;0,65;Negativno;Da
1298;9,0;-19,5;6,84;7,3993676784120535;Pozitivno;Da
1299;14,5;-21,6;7,31;2,8;Negativno;Ne
1300;7,6;-62,3;7,42;0,35;Negativno;Ne
1301;6,7;-58,8;7,15;5,44;Negativno;Ne
1302;6,5;-66,8;7,17;5,01;Negativno;Ne
1303;7,8;-42,9;7,85;2,09;Negativno;Ne
1304;11,3;-41,9;6,71;4,38;Negativno;Ne
1305;2,7;-42,6;7,89;4,28;Negativno;Ne
1306;14,2;-67,0;7,51;5,88;Negativno;Ne
1307;4,0;-52,8;6,56;4,43;Negativno;Ne
1308;8,0;-52,7;7,56;4,91;Negativno;Ne
1309;3,2;-74,7;7,76;3,98;Negativno;Ne
1310;14,8;-37,4;6,63;4,93;Negativno;Ne
1311;9,8;-37,5;6,85;4,0;Negativno;Ne
1312;5,0;-45,2;6,44;3,11;Negativno;Ne
1313;8,0;-45,6;6,69;3,85;Negativno;Ne
1314;3,9;-54,5;6,25;2,02;Negativno;Ne
1315;7,4;-34,6;7,42;2,55;Negativno;Ne
1316;13,6;-40,8;6,56;1,43;Negativno;Ne
1317;10,1;-76,0;6,59;3,04;Negativno;Ne
1318;8,1;-17,3;7,85;5,579367678412054;Pozitivno;Da
1319;2,8;-55,6;6,93;4,54;Negativno;Ne
1320;1,2;-60,2;7,68;4,98;Negativno;Ne
1321;12,2;-58,6;6,92;5,56;Negativno;Ne
1322;9,8;-58,5;6,68;4,12;Negativno;Ne
1323;8,8;-32,9;7,52;2,08;Negativno;Ne
1324;13,6;-45,7;7,03;2,48;Negativno;Ne
1325;10,3;-21,8;7,03;3,8;Negativno;Ne
1326;1,9;-53,5;6,79;5,21;Negativno;Ne
1327;11,8;-48,9;6,34;4,37;Negativno;Ne
1328;5,5;-49,8;7,15;2,8;Negativno;Ne
1329;4,3;-42,0;6,96;5,51;Negativno;Ne
1330;11,9;-66,4;6,19;0,51;Negativno;Ne
1331;0,6;-49,7;6,54;3,68;Negativno;Ne
1332;3,1;-57,1;6,08;4,72;Negativno;Ne
1333;11,2;-62,4;6,56;2,35;Negativno;Ne
1334;3,8;-43,3;6,46;0,46;Negativno;Ne
1335;6,9;-34,5;7,63;0,22;Negativno;Ne
1336;1,5;-56,3;6,32;3,06;Negativno;Ne
1337;6,2;-47,7;7,1;5,38;Negativno;Ne
1338;5,5;-68,0;6,99;1,93;Negativno;Da
1339;14,3;-47,5;8,37;0,18;Negativno;Ne
1340;8,9;-63,5;6,3;5,57;Negativno;Ne
1341;0,5;-34,1;6,77;4,05;Negativno;Ne
1342;4,7;-57,3;7,51;0,68;Negativno;Ne
1343;13,6;-71,7;6,98;0,75;Negativno;Ne
1344;14,8;-29,8;6,41;1,71;Negativno;Ne
1345;1,3;-53,6;5,58;2,81;Negativno;Ne
1346;2,6;-56,4;7,42;1,15;Negativno;Ne
1347;1,5;-66,9;7,28;0,18;Negativno;Ne
1348;11,7;-26,1;7,37;3,67;Negativno;Ne
1349;12,7;-72,1;7,82;4,96;Pozitivno;Ne
1350;10,5;-48,5;6,39;4,56;Negativno;Ne
1351;0,1;-54,1;6,41;4,95;Negativno;Da
1352;12,9;-42,0;6,22;1,06;Negativno;Ne
1353;5,1;-68,3;7,32;1,34;Negativno;Ne
1354;7,6;-36,6;7,71;4,19;Negativno;Ne
1355;13,8;-56,8;7,35;1,81;Negativno;Ne
1356;14,9;-48,1;6,82;1,46;Negativno;Ne
1357;10,7;-32,6;6,55;5,82;Negativno;Ne
1358;12,8;-56,2;6,79;2,76;Pozitivno;Ne
1359;9,5;-61,0;7,03;1,9;Negativno;Ne
1360;9,5;-58,8;7,05;1,26;Pozitivno;Ne
1361;12,6;-64,7;7,44;5,85;Negativno;Ne
1362;12,3;-13,5;7,58;6,859367678412054;Pozitivno;Da
1363;8,5;-12,1;6,65;4,53;Negativno;Ne
1364;8,8;-53,3;6,65;4,07;Negativno;Ne
1365;3,5;-29,7;5,96;5,93;Negativno;Ne
1366;10,9;-61,8;7,45;0,42;Pozitivno;Ne
1367;5,0;-57,2;6,75;1,77;Pozitivno;Ne
1368;13,8;-42,4;6,39;0,35;Negativno;Ne
1369;6,7;150,0;-2,0;5,25;Pozitivno;Ne
1370;3,8;-27,6;7,11;5,1;Negativno;Ne
1371;9,2;-25,1;6,23;4,74;Negativno;Ne
1372;3,1;-47,6;7,39;0,11;Negativno;Ne
1373;9,7;-54,9;7,32;2,64;Negativno;Ne
1374;3,1;-73,5;7,03;2,96;Negativno;Ne
1375;14,6;-72,2;7,67;0,97;Negativno;Ne
1376;4,0;-72,5;7,5;0,96;Negativno;Ne
1377;8,9;-56,8;6,26;1,01;Negativno;Da
1378;5,4;-52,9;7,0;1,67;Negativno;Ne
1379;5,1;-53,9;6,71;1,16;Negativno;Ne
1380;1,6;-41,1;6,46;0,54;Pozitivno;Ne
1381;3,6;-86,9;6,26;0,11;Negativno;Ne
1382;0,2;-53,1;7,07;5,87;Negativno;Ne
1383;13,3;-61,9;7,15;1,59;Negativno;Ne
1384;0,6;-53,6;7,03;1,49;Negativno;Ne
1385;9,4;-40,6;6,91;3,03;Negativno;Ne
1386;13,2;-55,7;6,95;4,78;Pozitivno;Ne
1387;3,4;-34,6;7,3;4,06;Negativno;Ne
1388;6,4;-55,1;6,45;1,7;Negativno;Ne
1389;2,6;-55,6;7,23;0,48;Negativno;Ne
1390;14,4;-44,9;6,17;0,51;Pozitivno;Ne
1391;0,8;-13,0;7,48;7,309367678412054;Pozitivno;Da
1392;14,1;-70,1;7,78;2,66;Pozitivno;Da
1393;4,3;-56,4;7,03;5,19;Negativno;Ne
1394;12,2;-56,3;5,54;3,51;Negativno;Ne
1395;13,1;-50,7;6,44;5,26;Negativno;Ne
1396;13,2;-29,7;7,08;1,76;Negativno;Ne
1397;12,3;-60,0;6,72;3,25;Negativno;Ne
1398;2,0;-39,1;7,22;4,7;Negativno;Ne
1399;3,7;-20,5;6,69;2,76;Negativno;Ne
1400;6,6;-40,0;7,65;4,9;Negativno;Ne
1401;10,2;-46,0;7,94;0,88;Negativno;Ne
1402;3,3;-38,9;6,65;0,13;Negativno;Ne
1403;13,8;-48,2;6,56;5,33;Negativno;Ne
1404;2,7;-63,5;7,13;1,49;Negativno;Ne
1405;1,5;-68,0;6,75;0,25;Negativno;Ne
1406;14,3;-45,5;6,25;5,7;Negativno;Ne
1407;3,2;-46,4;6,85;2,51;Pozitivno;Ne
1408;4,8;-54,3;7,98;5,18;Negativno;Da
1409;4,7;-74,0;6,46;0,53;Negativno;Ne
1410;9,9;-15,1;8,13;4,089367678412054;Pozitivno;Da
1411;5,0;-42,8;7,23;4,84;Pozitivno;Ne
1412;4,4;-61,0;7,03;4,01;Negativno;Ne
1413;13,8;-55,3;6,43;1,24;Negativno;Ne
1414;4,3;-37,3;6,72;2,88;Negativno;Ne
1415;2,1;-47,9;6,83;5,97;Negativno;Ne
1416;12,3;-45,6;7,68;2,88;Pozitivno;Ne
1417;4,8;-29,7;7,76;1,97;Negativno;Ne
1418;5,3;-37,7;7,03;1,76;Negativno;Ne
1419;7,0;-41,0;7,32;2,95;Negativno;Ne
1420;13,2;-47,6;6,76;5,65;Negativno;Ne
1421;13,2;-18,2;6,91;11,181932953487156;Pozitivno;Da
1422;7,8;-68,9;6,91;1,48;Negativno;Ne
1423;9,1;-44,0;6,44;5,71;Negativno;Ne
1424;4,1;-57,6;6,84;1,23;Negativno;Ne
1425;13,1;-47,3;6,79;5,61;Negativno;Ne
1426;8,6;-27,9;6,92;1,01;Negativno;Ne
1427;4,4;-42,9;7,25;5,4;Negativno;Ne
1428;2,2;-54,4;5,93;0,93;Negativno;Ne
1429;4,0;-58,3;7,67;4,34;Negativno;Ne
1430;4,1;-70,6;6,61;3,13;Negativno;Ne
1431;12,4;-6,0;6,72;7,970217924749076;Pozitivno;Da
1432;1,6;-62,7;6,93;1,51;Pozitivno;Ne
1433;9,2;-68,3;7,18;4,11;Negativno;Ne
1434;11,4;-39,4;6,99;3,33;Negativno;Ne
1435;11,5;-70,0;7,01;2,65;Negativno;Ne
1436;1,8;-51,1;6,81;4,09;Negativno;Ne
1437;1,0;-76,2;7,12;1,63;Negativno;Ne
1438;12,5;-38,9;7,12;4,71;Negativno;Ne
1439;2,5;-29,7;7,32;3,74;Negativno;Ne
1440;0,3;-15,8;7,14;4,339367678412054;Pozitivno;Da
1441;4,8;-55,6;6,24;5,08;Negativno;Ne
1442;9,7;-24,7;6,28;4,9;Negativno;Ne
1443;8,4;-30,2;7,54;3,85;Negativno;Da
1444;2,0;-49,6;6,83;5,08;Negativno;Ne
1445;3,8;-40,5;6,83;1,81;Negativno;Ne
1446;12,8;-61,8;8,22;0,92;Negativno;Ne
1447;1,9;-55,2;7,73;3,11;Negativno;Ne
1448;4,2;-56,4;7,13;2,97;Negativno;Ne
1449;6,9;-64,5;6,81;3,97;Negativno;Ne
1450;11,3;-36,2;7,13;2,02;Negativno;Ne
1451;8,8;-58,4;7,24;0,51;Negativno;Ne
1452;8,2;-39,5;6,15;3,15;Negativno;Ne
1453;10,6;-70,5;6,98;3,82;Negativno;Ne
1454;3,4;-45,2;6,61;0,55;Negativno;Ne
1455;10,5;-50,2;6,83;1,46;Negativno;Ne
1456;6,4;-41,3;7,51;4,16;Negativno;Ne
1457;0,7;-54,7;6,37;3,09;Negativno;Ne
1458;12,3;-63,7;6,54;2,29;Negativno;Ne
1459;2,2;-70,9;6,7;0,28;Negativno;Ne
1460;9,5;-53,6;7,44;1,69;Negativno;Ne
1461;0,8;-11,5;7,59;7,691932953487157;Pozitivno;Da
1462;14,3;-69,2;6,89;5,08;Negativno;Ne
1463;5,4;-65,0;6,93;2,74;Negativno;Da
1464;3,8;-66,6;7,29;5,02;Negativno;Ne
1465;12,9;-82,2;6,47;4,0;Negativno;Ne
1466;1,3;-71,6;6,95;5,29;Negativno;Ne
1467;14,3;-46,4;7,78;5,71;Negativno;Ne
1468;10,0;-62,5;7,42;3,55;Negativno;Ne
1469;5,3;-77,2;7,53;4,64;Negativno;Ne
1470;6,0;-50,8;6,87;1,51;Negativno;Ne
1471;10,4;-36,8;7,03;0,23;Negativno;Ne
1472;6,9;-49,8;6,37;2,19;Pozitivno;Ne
1473;4,9;-51,6;7,33;3,7;Negativno;Ne
1474;7,5;-66,4;7,04;3,6;Pozitivno;Ne
1475;1,6;-25,6;6,11;1,18;Negativno;Da
1476;2,3;-50,4;6,27;4,41;Negativno;Ne
1477;10,2;-52,1;7,44;0,71;Negativno;Ne
1478;7,5;-55,7;7,1;4,42;Negativno;Ne
1479;5,0;-31,6;7,3;4,01;Negativno;Ne
1480;7,5;-32,2;6,76;2,73;Negativno;Ne
1481;2,6;-56,6;7,35;0,8;Pozitivno;Ne
1482;10,9;-42,7;5,76;0,12;Negativno;Ne
1483;5,4;-40,2;7,48;0,68;Negativno;Ne
1484;7,2;-63,3;7,06;1,72;Negativno;Da
1485;8,3;-38,9;7,01;0,36;Negativno;Ne
1486;1,3;-64,4;6,7;0,26;Negativno;Ne
1487;6,3;-22,5;6,88;1,18;Negativno;Ne
1488;2,9;-55,2;7,56;2,21;Negativno;Ne
1489;11,3;-95,2;7,43;0,87;Negativno;Ne
1490;2,2;-48,0;7,37;5,8;Negativno;Ne
1491;11,3;-59,5;7,71;0,57;Negativno;Ne
1492;0,6;-69,2;6,3;4,2;Negativno;Ne
1493;11,2;-41,7;7,26;3,3;Negativno;Ne
1494;10,1;-55,5;7,74;1,38;Negativno;Ne
1495;6,6;-53,4;7,01;3,12;Negativno;Ne
1496;10,1;-60,7;6,41;0,84;Pozitivno;Ne
1497;3,9;-73,8;7,27;5,61;Negativno;Ne
1498;5,2;-23,1;7,2;5,26;Negativno;Da
1499;1,6;-14,2;7,02;1,91;Negativno;Ne
1500;11,6;-47,1;6,69;2,52;Negativno;Ne
1501;9,8;-61,8;6,84;2,04;Pozitivno;Ne
1502;14,1;-52,0;6,13;1,28;Negativno;Ne
1503;0,6;-39,4;6,62;3,05;Negativno;Ne
1504;13,7;-77,9;6,87;0,94;Negativno;Ne
1505;9,1;-62,2;7,35;2,07;Negativno;Ne
1506;1,1;-41,4;6,57;3,36;Negativno;Ne
1507;14,6;-82,6;6,47;0,77;Negativno;Ne
1508;6,2;-53,2;6,71;3,79;Negativno;Ne
1509;7,2;-50,7;7,54;5,7;Negativno;Ne
1510;1,1;-44,5;7,73;2,99;Negativno;Ne
1511;3,2;-21,0;6,69;1,8;Negativno;Ne
1512;10,0;-45,6;6,86;3,26;Pozitivno;Ne
1513;5,3;-55,9;6,91;1,88;Negativno;Ne
1514;13,3;-59,6;7,09;2,31;Pozitivno;Ne
1515;14,4;-10,3;7,05;4,3093676784120545;Pozitivno;Da
1516;7,5;-77,0;7,0;5,54;Negativno;Da
1517;1,7;-53,1;6,73;3,1;Pozitivno;Ne
1518;3,3;-61,2;7,28;4,22;Negativno;Ne
1519;14,8;-78,7;6,17;3,73;Negativno;Ne
1520;0,8;-64,2;6,93;4,03;Pozitivno;Ne
1521;5,9;-47,2;7,1;0,19;Pozitivno;Ne
1522;7,7;-51,4;6,79;3,07;Pozitivno;Ne
1523;0,8;-57,0;7,11;2,67;Negativno;Ne
1524;9,7;-57,7;7,34;2,66;Negativno;Ne
1525;14,7;-45,4;7,59;0,64;Negativno;Ne
1526;11,7;-69,4;7,06;2,82;Negativno;Ne
1527;6,5;-31,6;8,11;2,75;Negativno;Ne
1528;5,7;-51,1;6,63;5,28;Negativno;Ne
1529;6,4;-37,1;6,43;4,97;Negativno;Ne
1530;0,5;-72,3;6,71;4,78;Negativno;Ne
1531;14,5;-44,6;7,13;0,37;Negativno;Ne
1532;12,3;-72,7;6,61;0,92;Negativno;Ne
1533;11,4;-35,2;7,16;5,19;Negativno;Ne
1534;14,4;-50,5;7,14;2,8;Negativno;Ne
1535;8,9;-32,4;7,16;0,27;Negativno;Ne
1536;11,7;-71,5;6,52;3,27;Negativno;Ne
1537;8,8;-73,6;6,87;4,53;Negativno;Ne
1538;2,4;-46,0;7,45;4,12;Negativno;Ne
1539;3,5;-46,1;6,97;1,6;Negativno;Ne
1540;12,8;-18,8;7,45;8,139367678412054;Pozitivno;Da
1541;1,9;-40,5;7,14;3,89;Negativno;Ne
1542;2,0;-34,3;7,06;2,78;Pozitivno;Ne
1543;3,1;-82,1;6,58;4,61;Negativno;Ne
1544;12,1;-27,6;6,04;2,54;Negativno;Ne
1545;1,2;-7,5;5,96;4,479367678412054;Pozitivno;Da
1546;9,0;-54,1;7,42;4,49;Negativno;Ne
1547;10,0;-42,4;7,7;0,12;Negativno;Ne
1548;9,9;-51,0;7,31;3,66;Negativno;Ne
1549;3,3;-50,0;6,94;1,74;Negativno;Ne
1550;9,0;-39,9;7,79;3,44;Negativno;Ne
1551;6,8;-59,7;7,09;2,3;Negativno;Ne
1552;2,2;-53,2;7,72;2,94;Negativno;Ne
1553;14,6;-83,9;6,95;3,32;Negativno;Ne
1554;9,0;1,3;6,05;4,63;Negativno;Ne
1555;10,0;-60,5;7,46;2,41;Negativno;Ne
1556;8,6;-33,2;6,14;1,96;Negativno;Ne
1557;14,1;-36,2;7,71;5,44;Negativno;Ne
1558;10,3;-60,1;7,15;2,99;Negativno;Ne
1559;1,0;-41,7;7,54;4,61;Negativno;Ne
1560;1,2;-42,1;7,04;4,4;Negativno;Ne
1561;7,4;-54,9;7,21;0,6;Negativno;Ne
1562;10,2;-40,8;8,0;3,4;Negativno;Ne
1563;5,5;-48,5;7,31;1,99;Negativno;Ne
1564;2,9;-41,9;6,49;4,73;Negativno;Ne
1565;6,1;-41,4;6,91;5,03;Negativno;Ne
1566;0,4;-48,7;7,44;1,15;Negativno;Ne
1567;1,7;-56,6;6,72;1,6;Negativno;Ne
1568;1,4;-64,6;7,6;1,86;Negativno;Ne
1569;13,3;-79,1;7,01;5,55;Negativno;Ne
1570;10,4;-64,4;7,2;4,12;Negativno;Ne
1571;7,4;-49,0;7,26;3,16;Negativno;Ne
1572;4,1;-53,6;7,05;2,81;Negativno;Ne
1573;3,2;-44,0;7,17;1,7;Negativno;Ne
1574;5,2;150,0;-2,0;3,11;Pozitivno;Ne
1575;4,9;-57,9;6,9;2,12;Negativno;Ne
1576;1,6;-45,0;7,44;3,54;Pozitivno;Ne
1577;12,1;-28,4;7,04;1,0;Negativno;Ne
1578;8,0;-66,6;6,19;3,97;Negativno;Ne
1579;14,3;-66,7;6,03;1,7;Negativno;Ne
1580;4,6;-32,4;6,12;0,39;Negativno;Ne
1581;5,4;-78,8;6,7;5,54;Negativno;Ne
1582;2,1;-57,3;7,03;3,45;Negativno;Ne
1583;13,8;-66,6;7,26;0,59;Negativno;Ne
1584;5,5;-73,6;7,64;0,76;Negativno;Ne
1585;4,7;-54,7;6,22;2,02;Negativno;Ne
1586;6,9;-55,7;6,64;3,2;Negativno;Ne
1587;2,3;-54,9;6,83;2,93;Negativno;Ne
1588;6,4;-26,7;7,0;2,63;Negativno;Da
1589;4,8;-31,9;6,61;5,55;Negativno;Ne
1590;11,7;-56,1;6,74;2,52;Negativno;Ne
1591;2,1;-51,7;6,05;0,92;Negativno;Ne
1592;13,1;-69,6;7,2;4,79;Negativno;Ne
1593;5,4;-54,7;6,75;0,28;Negativno;Ne
1594;14,6;-66,0;6,85;3,02;Negativno;Ne
1595;8,0;-54,7;6,56;1,07;Negativno;Ne
1596;12,2;-29,6;6,86;4,47;Negativno;Ne
1597;0,4;-55,6;6,66;4,25;Negativno;Ne
1598;8,8;-48,6;6,83;4,61;Negativno;Ne
1599;1,5;-61,3;6,88;5,5;Negativno;Ne
1600;8,8;-28,3;6,86;2,45;Negativno;Ne
1601;8,6;-50,4;6,51;0,39;Pozitivno;Ne
1602;10,2;-28,1;8,06;2,26;Negativno;Ne
1603;13,9;-51,7;6,39;5,8;Negativno;Ne
1604;1,9;-69,9;7,45;0,58;Negativno;Ne
1605;3,6;-43,1;6,57;5,42;Negativno;Ne
1606;1,4;-32,2;7,15;2,28;Negativno;Ne
1607;8,4;-59,8;7,96;1,03;Negativno;Ne
1608;0,6;-40,5;7,5;3,93;Negativno;Ne
1609;4,8;-11,5;7,48;5,060217924749077;Pozitivno;Da
1610;8,3;-57,2;6,98;1,18;Pozitivno;Ne
1611;10,1;-63,3;7,48;4,79;Pozitivno;Ne
1612;13,8;-72,9;6,74;0,77;Negativno;Ne
1613;2,7;-32,9;6,66;5,67;Negativno;Ne
1614;2,4;-66,9;6,98;3,38;Negativno;Ne
1615;8,5;-55,1;7,02;4,11;Negativno;Ne
1616;2,5;-77,6;6,7;4,7;Negativno;Ne
1617;14,3;-17,4;6,85;5,8493676784120545;Pozitivno;Da
1618;9,1;-33,7;6,75;1,25;Negativno;Ne
1619;5,8;-44,6;7,06;2,07;Negativno;Ne
1620;8,8;-16,9;7,01;3,79;Negativno;Ne
1621;14,3;-70,6;6,52;4,78;Negativno;Ne
1622;3,2;-74,3;6,25;3,18;Negativno;Ne
1623;8,6;-23,3;6,63;5,08;Negativno;Da
1624;14,1;-60,3;6,84;1,77;Negativno;Ne
1625;4,4;-53,9;7,64;2,69;Negativno;Ne
1626;1,7;-48,7;7,3;5,77;Pozitivno;Ne
1627;14,2;-77,9;7,69;2,03;Negativno;Ne
1628;0,9;-56,9;6,65;4,19;Negativno;Ne
1629;9,6;-15,0;7,27;5,75;Negativno;Ne
1630;6,5;-34,1;6,75;5,2;Negativno;Ne
1631;12,0;-47,2;7,26;1,94;Negativno;Ne
1632;9,3;-45,6;7,21;0,97;Negativno;Da
1633;4,4;-48,7;6,49;4,52;Negativno;Ne
1634;9,4;-50,8;6,76;1,69;Negativno;Ne
1635;4,1;-50,1;6,66;2,61;Negativno;Ne
1636;7,2;-36,7;6,15;1,75;Negativno;Ne
1637;11,2;-59,7;6,99;2,73;Pozitivno;Da
1638;0,7;-49,8;6,81;5,46;Negativno;Ne
1639;4,6;-44,8;6,79;4,11;Negativno;Ne
1640;11,6;-58,8;7,1;3,98;Negativno;Ne
1641;5,7;-53,1;6,72;4,16;Negativno;Ne
1642;2,0;-28,2;6,66;0,88;Negativno;Da
1643;14,7;-33,5;7,7;3,76;Negativno;Ne
1644;5,0;-24,5;7,14;3,12;Negativno;Ne
1645;10,3;-91,4;6,3;4,8;Negativno;Ne
1646;6,6;-29,4;7,35;2,32;Negativno;Ne
1647;1,7;-36,2;5,87;4,5;Negativno;Ne
1648;14,7;-53,5;7,12;1,33;Negativno;Ne
1649;7,6;-25,8;6,1;3,75;Negativno;Ne
1650;6,1;-32,3;6,85;2,29;Negativno;Ne
1651;14,4;-50,8;6,4;3,59;Negativno;Ne
1652;13,4;-58,1;7,91;0,77;Negativno;Ne
1653;4,8;-46,1;7,15;1,03;Negativno;Ne
1654;12,4;-55,9;7,34;1,52;Negativno;Ne
1655;0,1;-40,6;6,92;1,54;Negativno;Ne
1656;10,6;-48,9;7,63;3,86;Negativno;Ne
1657;1,3;-50,5;7,09;4,82;Negativno;Ne
1658;6,4;-59,2;7,82;4,33;Negativno;Ne
1659;11,6;-13,2;6,66;6,731932953487156;Pozitivno;Da
1660;7,9;-47,5;7,14;0,87;Negativno;Ne
1661;11,2;-21,8;6,74;3,13;Negativno;Ne
1662;13,6;-35,2;6,79;4,87;Negativno;Ne
1663;13,4;-40,8;6,79;4,3;Negativno;Ne
1664;5,8;-43,0;7,46;1,69;Negativno;Ne
1665;13,9;-57,9;6,07;0,67;Negativno;Ne
1666;7,5;-55,2;7,1;2,71;Negativno;Ne
1667;4,0;-50,5;7,32;2,25;Negativno;Ne
1668;9,2;-59,1;6,49;5,19;Negativno;Ne
1669;6,6;-69,0;7,22;3,3;Negativno;Da
1670;1,7;-45,8;7,11;4,3;Negativno;Da
1671;1,4;-53,6;6,09;3,12;Negativno;Ne
1672;0,7;-76,7;6,46;0,52;Negativno;Ne
1673;12,7;-56,9;7,31;1,76;Negativno;Da
1674;12,9;-62,0;6,83;4,79;Pozitivno;Ne
1675;14,8;-41,5;7,46;0,85;Negativno;Ne
1676;7,2;-41,7;7,07;1,51;Pozitivno;Ne
1677;13,3;-30,8;6,85;4,73;Negativno;Ne
1678;11,0;-5,1;7,18;7,070217924749077;Pozitivno;Da
1679;9,1;-45,3;7,58;1,25;Negativno;Ne
1680;0,7;-50,0;6,85;3,88;Negativno;Ne
1681;5,5;-43,3;7,42;4,22;Negativno;Ne
1682;0,6;-59,2;6,33;3,64;Negativno;Ne
1683;12,5;-62,0;7,11;0,14;Negativno;Ne
1684;9,6;-51,0;6,8;5,79;Negativno;Ne
1685;13,0;-65,9;7,45;1,88;Negativno;Ne
1686;11,0;-36,1;6,74;2,38;Negativno;Da
1687;3,8;-34,4;7,48;4,49;Negativno;Ne
1688;6,9;-67,4;6,46;4,59;Negativno;Ne
1689;7,1;-71,4;7,49;2,88;Negativno;Ne
1690;6,6;-50,8;7,08;2,95;Negativno;Ne
1691;2,1;-40,1;6,93;3,18;Negativno;Ne
1692;12,8;-58,7;6,57;3,91;Negativno;Ne
1693;11,5;-58,5;6,55;0,22;Negativno;Ne
1694;3,3;-50,9;7,61;3,54;Negativno;Ne
1695;8,5;-56,1;7,05;0,14;Negativno;Ne
1696;1,2;-35,0;7,38;2,68;Negativno;Ne
1697;6,8;-51,4;7,93;5,81;Negativno;Ne
1698;14,8;-47,0;6,6;5,78;Negativno;Da
1699;6,7;-64,5;6,49;5,97;Negativno;Ne
1700;0,3;-40,0;7,22;4,09;Negativno;Ne
1701;1,5;-57,7;7,7;3,79;Negativno;Ne
1702;8,9;-72,3;6,65;1,58;Negativno;Ne
1703;8,0;-62,0;6,82;5,86;Negativno;Ne
1704;3,1;-59,5;7,71;5,03;Negativno;Ne
1705;1,3;150,0;-2,0;4,11;Pozitivno;Ne
1706;5,6;-41,7;7,35;5,47;Negativno;Ne
1707;11,7;-14,7;7,0;3,35;Negativno;Ne
1708;2,6;-67,0;6,71;0,15;Negativno;Ne
1709;1,0;-72,6;6,31;4,36;Negativno;Ne
1710;3,0;-49,2;6,77;1,53;Pozitivno;Ne
1711;6,3;-26,3;7,01;1,11;Negativno;Ne
1712;13,6;-48,3;6,44;0,42;Negativno;Ne
1713;1,6;-54,7;7,68;0,59;Pozitivno;Ne
1714;13,8;-66,7;7,61;3,8;Negativno;Da
1715;6,7;-52,1;7,82;1,71;Negativno;Ne
1716;6,9;-51,6;6,95;2,72;Negativno;Ne
1717;14,0;-65,9;6,37;0,89;Negativno;Ne
1718;8,6;-35,6;7,18;0,67;Negativno;Ne
1719;8,4;-62,1;7,23;0,49;Negativno;Ne
1720;9,8;-56,9;7,26;1,6;Negativno;Da
1721;14,1;-58,0;6,63;4,82;Negativno;Ne
1722;8,4;-48,3;6,43;0,14;Negativno;Ne
1723;9,4;-36,9;7,24;0,1;Negativno;Ne
1724;0,7;-58,4;6,43;1,8;Pozitivno;Ne
1725;1,9;-49,2;6,03;5,75;Pozitivno;Da
1726;5,9;-22,2;7,43;2,38;Negativno;Ne
1727;8,6;-17,4;7,12;3,45;Negativno;Ne
1728;9,8;-44,0;6,93;5,59;Negativno;Ne
1729;8,7;-64,3;7,31;1,49;Negativno;Ne
1730;5,0;-65,1;7,16;3,51;Negativno;Da
1731;0,2;-68,6;7,76;0,64;Negativno;Ne
1732;13,8;-64,4;5,7;0,6;Negativno;Ne
1733;13,7;-49,6;6,94;4,69;Negativno;Ne
1734;11,3;-47,6;6,12;0,77;Negativno;Ne
1735;7,6;-56,1;6,83;1,99;Negativno;Ne
1736;13,8;-55,5;6,49;3,03;Negativno;Ne
1737;9,0;-79,9;6,96;2,18;Negativno;Ne
1738;12,6;-26,6;7,88;4,29;Negativno;Ne
1739;7,0;-78,3;7,08;4,99;Negativno;Ne
1740;1,8;-45,0;7,42;5,72;Negativno;Ne
1741;10,9;-29,4;7,15;1,46;Negativno;Ne
1742;12,6;-35,0;6,74;5,81;Negativno;Ne
1743;10,2;-46,7;6,29;4,77;Negativno;Ne
1744;2,9;-74,1;6,71;2,01;Pozitivno;Ne
1745;10,9;-57,0;7,23;5,94;Negativno;Ne
1746;9,8;-45,6;7,2;2,56;Negativno;Ne
1747;5,9;-38,4;7,22;2,17;Pozitivno;Ne
1748;10,4;-38,1;8,15;2,1;Negativno;Ne
1749;6,1;-69,3;6,61;3,24;Pozitivno;Ne
1750;14,3;-60,5;6,18;0,19;Negativno;Ne
1751;7,5;-44,5;6,45;2,71;Negativno;Ne
1752;4,9;-42,7;6,52;0,79;Negativno;Ne
1753;1,8;-60,8;7,53;5,66;Negativno;Ne
1754;7,1;-54,1;7,44;2,06;Negativno;Ne
1755;11,5;-60,6;6,6;0,45;Negativno;Ne
1756;7,5;-38,3;6,95;4,16;Negativno;Ne
1757;8,3;-50,2;7,34;5,36;Negativno;Ne
1758;5,5;-43,5;6,48;3,85;Negativno;Ne
1759;8,6;-49,0;7,43;0,49;Negativno;Ne
1760;13,6;-51,1;6,83;3,35;Negativno;Ne
1761;7,6;-42,6;7,15;5,69;Negativno;Ne
1762;1,6;-69,5;7,08;4,95;Negativno;Ne
1763;5,6;-65,1;7,45;3,2;Negativno;Ne
1764;2,8;-58,9;7,33;2,73;Negativno;Ne
1765;12,5;-10,0;6,27;10,831932953487158;Pozitivno;Da
1766;4,3;-75,4;6,53;0,39;Negativno;Ne
1767;8,4;-13,1;6,76;4,899367678412054;Pozitivno;Da
1768;12,2;-35,2;6,64;3,51;Negativno;Ne
1769;6,9;-32,9;6,9;5,12;Negativno;Ne
1770;9,8;-72,6;6,8;3,35;Negativno;Ne
1771;0,3;-34,9;7,76;5,08;Negativno;Ne
1772;8,3;-48,0;7,18;1,99;Negativno;Ne
1773;9,7;-91,9;6,72;3,23;Negativno;Ne
1774;7,4;-29,3;7,17;5,93;Negativno;Ne
1775;5,0;-56,6;7,01;3,12;Negativno;Ne
1776;13,2;-30,9;6,1;2,29;Negativno;Ne
1777;0,4;-37,6;6,7;2,78;Negativno;Ne
1778;12,0;-36,6;7,12;1,31;Negativno;Ne
1779;2,2;-31,1;6,58;5,14;Negativno;Ne
1780;11,0;-41,6;6,63;0,52;Negativno;Ne
1781;4,4;-92,7;7,31;4,76;Negativno;Ne
1782;7,5;-9,1;6,63;9,141932953487157;Pozitivno;Da
1783;11,0;-38,6;6,8;4,56;Pozitivno;Ne
1784;6,3;-48,3;7,34;2,42;Negativno;Ne
1785;13,0;-45,6;7,1;0,16;Negativno;Ne
1786;14,5;-42,1;7,45;4,9;Negativno;Ne
1787;2,5;-74,4;6,98;3,49;Negativno;Ne
1788;8,4;-40,5;6,97;2,98;Negativno;Ne
1789;11,2;-45,1;7,16;0,55;Negativno;Da
1790;13,9;-49,6;6,57;5,26;Negativno;Ne
1791;6,4;-35,8;6,76;1,53;Negativno;Ne
1792;14,0;-64,3;6,19;4,84;Negativno;Ne
1793;2,5;-32,4;7,23;4,56;Negativno;Ne
1794;5,8;-74,6;6,98;0,82;Negativno;Ne
1795;12,0;-35,8;7,29;1,99;Pozitivno;Ne
1796;9,1;-58,3;7,15;5,06;Negativno;Ne
1797;9,2;-19,7;7,47;8,400217924749077;Pozitivno;Da
1798;3,4;-18,7;6,28;1,52;Negativno;Ne
1799;10,9;-16,8;7,24;0,16;Negativno;Ne
1800;0,1;-4,3;6,73;2,48;Negativno;Ne
1801;3,0;-47,3;6,33;2,9;Negativno;Ne
1802;6,2;-22,4;6,08;1,41;Negativno;Ne
1803;12,2;-27,9;7,47;5,15;Negativno;Ne
1804;10,3;-26,2;7,72;5,23;Pozitivno;Ne
1805;7,9;-73,0;6,96;2,97;Negativno;Ne
1806;14,3;-56,6;7,53;3,88;Negativno;Ne
1807;7,6;-51,6;7,36;5,73;Negativno;Da
1808;5,7;-34,7;8,34;5,15;Negativno;Ne
1809;2,8;-55,5;7,58;5,16;Negativno;Ne
1810;14,4;-62,7;6,49;4,06;Pozitivno;Ne
1811;3,2;-71,2;7,01;0,66;Negativno;Ne
1812;0,3;-63,3;6,82;5,5;Pozitivno;Ne
1813;6,4;-35,4;6,48;5,02;Pozitivno;Ne
1814;3,4;-52,7;6,52;1,45;Negativno;Ne
1815;12,0;-55,3;6,9;0,3;Negativno;Ne
1816;8,6;-83,5;6,8;3,56;Negativno;Ne
1817;14,0;-28,6;6,85;2,05;Negativno;Ne
1818;1,7;-45,7;7,55;5,62;Negativno;Ne
1819;2,9;-28,9;6,25;4,92;Pozitivno;Ne
1820;3,7;-37,9;7,32;1,35;Negativno;Ne
1821;9,4;-59,0;7,68;4,7;Negativno;Ne
1822;6,1;-62,1;7,07;2,52;Negativno;Ne
1823;9,9;-46,2;7,36;0,32;Negativno;Ne
1824;3,1;-49,2;6,81;3,66;Negativno;Ne
1825;10,2;-29,2;7,41;2,58;Negativno;Ne
1826;6,2;-64,4;6,93;2,51;Negativno;Ne
1827;9,9;-38,0;7,44;2,69;Pozitivno;Ne
1828;4,2;-42,2;6,75;1,78;Negativno;Ne
1829;14,4;-57,3;6,42;4,89;Negativno;Ne
1830;2,1;-44,1;7,35;1,86;Negativno;Ne
1831;4,4;-47,8;6,92;5,45;Negativno;Ne
1832;6,2;-49,8;7,22;3,96;Negativno;Ne
1833;2,3;-68,5;6,76;3,74;Negativno;Ne
1834;1,8;-83,2;6,73;0,88;Negativno;Ne
1835;7,8;-46,6;6,63;4,98;Negativno;Ne
1836;4,8;-67,8;8,13;3,97;Negativno;Da
1837;12,4;-44,6;7,88;5,33;Negativno;Ne
1838;0,8;-54,1;7,07;5,43;Negativno;Ne
1839;4,4;-32,9;7,31;2,66;Negativno;Ne
1840;9,9;-64,2;7,26;0,16;Negativno;Ne
1841;5,4;-19,1;6,63;1,41;Negativno;Ne
1842;1,7;-52,7;6,81;2,99;Negativno;Ne
1843;10,8;-47,8;6,8;1,52;Negativno;Ne
1844;2,8;-28,3;7,02;4,42;Negativno;Ne
1845;12,1;-59,8;7,32;0,17;Negativno;Ne
1846;4,9;-54,6;6,53;2,76;Negativno;Ne
1847;7,5;-69,9;6,11;2,6;Negativno;Ne
1848;12,4;-70,8;7,25;5,86;Negativno;Ne
1849;8,2;-19,4;7,52;6,1019329534871565;Pozitivno;Da
1850;11,9;-29,3;6,81;0,26;Negativno;Ne
1851;11,6;-39,7;7,27;0,66;Negativno;Ne
1852;4,1;-58,2;6,43;1,26;Negativno;Ne
1853;9,0;-62,7;6,32;3,83;Negativno;Ne
1854;6,0;-65,1;7,48;3,75;Negativno;Ne
1855;13,3;-37,1;6,6;0,84;Negativno;Ne
1856;13,4;-49,0;6,07;5,51;Negativno;Ne
1857;4,4;-72,8;7,21;0,98;Negativno;Ne
1858;7,7;-31,2;7,12;3,14;Negativno;Ne
1859;6,2;-59,1;6,97;0,71;Negativno;Ne
1860;7,2;-77,3;7,52;5,13;Negativno;Ne
1861;3,7;-73,7;6,64;0,54;Pozitivno;Da
1862;8,8;-43,1;6,77;1,09;Negativno;Ne
1863;6,1;-71,0;7,08;0,28;Pozitivno;Ne
1864;13,9;-73,4;7,23;4,37;Negativno;Ne
1865;11,0;-66,5;7,63;0,78;Negativno;Ne
1866;3,7;-46,2;6,96;1,44;Negativno;Ne
1867;14,9;-27,6;6,39;4,29;Negativno;Ne
1868;2,8;-42,3;7,1;1,93;Negativno;Ne
1869;3,6;-61,9;6,92;2,47;Negativno;Ne
1870;5,6;-63,2;6,82;2,63;Negativno;Ne
1871;9,9;-34,0;6,91;0,24;Negativno;Ne
1872;2,5;-40,0;7,03;1,53;Negativno;Ne
1873;5,8;-54,7;6,42;4,73;Negativno;Ne
1874;5,1;-39,4;6,63;4,94;Negativno;Ne
1875;13,9;-44,0;7,37;0,37;Negativno;Ne
1876;10,6;-44,2;7,75;4,93;Negativno;Ne
1877;3,5;-36,4;7,41;3,56;Negativno;Ne
1878;10,1;-38,3;6,77;4,52;Negativno;Ne
1879;10,9;-41,0;7,31;4,58;Negativno;Ne
1880;6,9;-53,9;6,33;3,12;Negativno;Ne
1881;5,8;-55,5;7,28;1,45;Negativno;Ne
1882;2,0;-63,4;6,5;0,82;Negativno;Ne
1883;10,2;-39,6;7,23;3,25;Negativno;Ne
1884;8,0;-48,3;7,15;0,35;Negativno;Ne
1885;10,5;-27,0;6,59;3,79;Negativno;Ne
1886;11,0;-56,9;6,49;5,69;Negativno;Ne
1887;1,5;-35,8;6,5;0,26;Negativno;Ne
1888;8,6;-56,1;8,24;5,56;Negativno;Ne
1889;8,6;-92,1;7,21;2,36;Negativno;Ne
1890;1,7;-56,3;7,18;3,51;Negativno;Ne
1891;5,6;-44,8;6,28;4,67;Negativno;Ne
1892;8,6;-50,1;7,05;2,34;Negativno;Ne
1893;2,1;-59,5;7,68;1,87;Negativno;Ne
1894;6,0;-39,9;6,87;5,19;Negativno;Ne
1895;14,5;-57,5;7,18;3,3;Negativno;Ne
1896;7,4;-29,3;5,36;0,51;Negativno;Ne
1897;7,8;-62,2;7,41;2,15;Pozitivno;Ne
1898;11,3;-49,0;6,99;5,01;Negativno;Ne
1899;8,6;-8,0;6,74;7,909367678412053;Pozitivno;Da
1900;5,3;-49,8;7,01;2,62;Negativno;Ne
1901;14,3;-44,4;7,65;0,93;Negativno;Ne
1902;3,4;-20,8;8,17;3,83;Negativno;Ne
1903;0,6;-51,2;6,48;1,23;Negativno;Ne
1904;11,0;-39,0;7,39;1,12;Negativno;Ne
1905;12,0;-53,9;7,63;2,87;Negativno;Ne
1906;6,5;-33,0;7,01;1,43;Negativno;Ne
1907;12,3;-55,4;7,57;3,21;Negativno;Ne
1908;1,7;-63,2;7,94;1,21;Negativno;Ne
1909;11,8;-30,9;6,88;3,74;Negativno;Ne
1910;11,2;-48,9;7,02;1,52;Negativno;Ne
1911;2,4;-62,7;7,16;4,15;Negativno;Ne
1912;9,7;-69,8;6,76;2,5;Negativno;Ne
1913;10,7;-37,0;7,28;0,47;Pozitivno;Ne
1914;14,6;-25,3;7,56;4,52;Negativno;Ne
1915;4,4;-39,5;7,14;5,6;Negativno;Ne
1916;5,8;-50,2;6,9;2,48;Negativno;Ne
1917;6,9;-45,4;7,4;3,86;Negativno;Ne
1918;5,1;-40,8;7,41;3,79;Negativno;Ne
1919;4,8;-68,9;7,78;2,53;Negativno;Ne
1920;3,1;-65,3;7,31;4,81;Negativno;Ne
1921;6,6;-45,6;7,02;1,38;Negativno;Ne
1922;13,7;-47,1;6,89;1,93;Negativno;Da
1923;4,4;-43,5;6,95;4,26;Negativno;Ne
1924;2,6;-34,8;7,04;1,51;Negativno;Ne
1925;5,5;-33,4;7,48;2,61;Negativno;Ne
1926;1,5;-25,5;7,2;0,34;Negativno;Ne
1927;7,2;-32,5;6,74;1,74;Negativno;Ne
1928;10,4;-44,9;7,27;4,6;Negativno;Ne
1929;2,0;-52,4;7,61;3,05;Negativno;Ne
1930;7,8;-35,4;7,38;2,19;Negativno;Ne
1931;1,5;-52,6;6,5;4,17;Negativno;Ne
1932;9,7;-53,7;6,77;2,18;Negativno;Ne
1933;2,9;-57,9;7,54;1,27;Negativno;Ne
1934;5,3;-65,2;7,59;1,71;Negativno;Ne
1935;1,0;-52,7;6,61;1,51;Pozitivno;Ne
1936;3,4;-26,4;6,95;0,41;Negativno;Ne
1937;5,9;-62,7;7,31;3,04;Negativno;Ne
1938;3,9;-36,3;6,49;3,47;Negativno;Ne
1939;6,0;-89,9;6,69;3,25;Negativno;Ne
1940;6,9;-58,4;7,15;3,84;Negativno;Ne
1941;5,0;-47,2;7,96;1,53;Negativno;Ne
1942;7,9;-76,5;7,55;2,48;Negativno;Ne
1943;12,4;-40,1;6,62;3,84;Negativno;Ne
1944;3,1;-34,5;7,45;5,26;Negativno;Ne
1945;6,9;-49,4;7,62;3,28;Negativno;Ne
1946;2,7;-32,2;7,32;1,46;Negativno;Ne
1947;14,3;-6,4;6,1;10,011932953487158;Pozitivno;Da
1948;7,4;-44,8;7,08;2,8;Negativno;Ne
1949;0,4;-46,3;6,68;1,76;Negativno;Ne
1950;10,6;-46,0;7,33;0,46;Negativno;Ne
1951;9,2;-56,7;7,44;1,38;Negativno;Ne
1952;6,8;-41,4;7,45;0,34;Negativno;Ne
1953;6,0;-49,0;7,63;5,99;Negativno;Da
1954;12,9;-42,5;6,83;1,73;Negativno;Ne
1955;0,8;-56,9;6,98;5,54;Negativno;Ne
1956;6,9;-53,6;7,03;3,69;Negativno;Ne
1957;1,5;-48,4;7,42;4,52;Negativno;Ne
1958;6,6;-48,1;6,95;1,64;Negativno;Ne
1959;2,6;-38,1;6,89;3,67;Pozitivno;Ne
1960;13,1;-62,6;6,36;5,88;Negativno;Ne
1961;8,6;-49,8;7,18;4,44;Negativno;Ne
1962;4,6;-19,1;6,53;5,31;Negativno;Ne
1963;4,3;-55,5;7,18;2,72;Negativno;Ne
1964;1,5;-30,1;7,0;3,3;Pozitivno;Da
1965;3,4;-67,9;7,59;1,72;Negativno;Ne
1966;6,9;-53,8;6,26;0,16;Negativno;Ne
1967;5,1;-47,0;6,42;4,15;Negativno;Ne
1968;5,1;-41,7;7,74;5,12;Negativno;Ne
1969;7,9;-37,9;6,51;0,26;Negativno;Ne
1970;5,2;-56,3;7,35;4,83;Pozitivno;Ne
1971;8,3;-51,5;7,34;1,46;Negativno;Ne
1972;2,0;-37,4;7,46;4,12;Negativno;Ne
1973;5,7;-52,0;6,87;0,59;Pozitivno;Ne
1974;1,3;-33,6;7,9;4,78;Negativno;Ne
1975;9,1;-57,2;7,17;2,77;Negativno;Ne
1976;4,9;-61,8;5,89;4,16;Negativno;Ne
1977;1,3;-65,2;7,06;3,77;Negativno;Ne
1978;5,5;-40,7;7,57;5,41;Negativno;Ne
1979;10,8;-36,8;6,79;5,08;Negativno;Ne
1980;11,0;-42,0;7,37;4,75;Negativno;Ne
1981;0,2;-32,5;6,59;4,36;Negativno;Ne
1982;13,9;-31,8;7,05;2,03;Negativno;Ne
1983;9,4;-48,5;6,04;1,62;Negativno;Ne
1984;8,3;-65,7;7,42;1,33;Negativno;Ne
1985;12,5;-60,9;7,14;4,63;Negativno;Ne
1986;3,1;-53,4;7,35;4,49;Negativno;Ne
1987;4,6;-62,7;6,61;1,11;Pozitivno;Ne
1988;5,2;-13,3;6,86;7,481932953487156;Pozitivno;Da
1989;0,4;-67,2;7,11;1,54;Negativno;Da
1990;4,1;-66,4;7,98;3,59;Negativno;Ne
1991;2,6;-40,7;6,41;2,5;Negativno;Ne
1992;11,2;-49,8;6,59;1,64;Negativno;Ne
1993;7,4;-40,1;7,1;5,87;Negativno;Ne
1994;2,5;-47,3;7,52;3,34;Negativno;Ne
1995;10,3;-13,8;7,16;5,779367678412054;Pozitivno;Da
1996;7,9;-33,7;7,24;5,91;Negativno;Ne
1997;4,5;-11,9;7,15;6,5193676784120544;Pozitivno;Da
1998;6,3;-42,8;8,01;3,33;Pozitivno;Ne
1999;10,9;-70,7;7,48;2,81;Negativno;Ne
2000;11,2;-48,3;6,21;1,14;Negativno;Ne
